Timestamp,ID,Long,Lat,Value,Units,User
4/6/2020 0:00,1,-119.96665,0.18792,23.4,cpm,MySensor
4/6/2020 0:20,1,-119.96665,0.18792,22.4,cpm,MySensor
4/6/2020 0:40,1,-119.96665,0.18792,30.495,cpm,MySensor
4/6/2020 1:00,1,-119.96665,0.18792,27.92698,cpm,MySensor
4/6/2020 1:20,1,-119.96665,0.18792,39.21942,cpm,MySensor
4/6/2020 1:40,1,-119.96665,0.18792,31.18083,cpm,MySensor
4/6/2020 2:00,1,-119.96665,0.18792,25,cpm,MySensor
4/6/2020 2:20,1,-119.96665,0.18792,28,cpm,MySensor
4/6/2020 2:40,1,-119.96665,0.18792,30,cpm,MySensor
4/6/2020 3:00,1,-119.96665,0.18792,33,cpm,MySensor
4/6/2020 3:20,1,-119.96665,0.18792,29,cpm,MySensor
4/6/2020 3:40,1,-119.96665,0.18792,24,cpm,MySensor
4/6/2020 4:00,1,-119.96665,0.18792,22,cpm,MySensor
4/6/2020 4:20,1,-119.96665,0.18792,25,cpm,MySensor
4/6/2020 4:40,1,-119.96665,0.18792,29,cpm,MySensor
4/6/2020 5:00,1,-119.96665,0.18792,30,cpm,MySensor
4/6/2020 5:20,1,-119.96665,0.18792,30,cpm,MySensor
4/6/2020 5:40,1,-119.96665,0.18792,31,cpm,MySensor
4/6/2020 6:00,1,-119.96665,0.18792,35,cpm,MySensor
4/6/2020 6:20,1,-119.96665,0.18792,39,cpm,MySensor
4/6/2020 6:40,1,-119.96665,0.18792,33,cpm,MySensor
4/6/2020 7:00,1,-119.96665,0.18792,31,cpm,MySensor
4/6/2020 7:20,1,-119.96665,0.18792,29,cpm,MySensor
4/6/2020 7:40,1,-119.96665,0.18792,28,cpm,MySensor
4/6/2020 8:00,1,-119.96665,0.18792,29,cpm,MySensor
4/6/2020 8:20,1,-119.96665,0.18792,31,cpm,MySensor
4/6/2020 8:40,1,-119.96665,0.18792,30,cpm,MySensor
4/6/2020 9:00,1,-119.96665,0.18792,33,cpm,MySensor
4/6/2020 9:20,1,-119.96665,0.18792,22,cpm,MySensor
4/6/2020 9:40,1,-119.96665,0.18792,21,cpm,MySensor
4/6/2020 10:00,1,-119.96665,0.18792,23,cpm,MySensor
4/6/2020 10:20,1,-119.96665,0.18792,24,cpm,MySensor
4/6/2020 10:40,1,-119.96665,0.18792,26,cpm,MySensor
4/6/2020 11:00,1,-119.96665,0.18792,30,cpm,MySensor
4/6/2020 11:20,1,-119.96665,0.18792,33,cpm,MySensor
4/6/2020 11:40,1,-119.96665,0.18792,30,cpm,MySensor
4/6/2020 12:00,1,-119.96665,0.18792,31,cpm,MySensor
4/6/2020 12:20,1,-119.93891,0.18618,31,cpm,MySensor
4/6/2020 12:40,1,-119.878534,0.179323,27.698,cpm,MySensor
4/6/2020 13:00,1,-119.870122,0.17063,19.597,cpm,MySensor
4/6/2020 13:20,1,-119.870122,0.17063,30.476,cpm,MySensor
4/6/2020 13:40,1,-119.862638,0.145292,20.399,cpm,MySensor
4/6/2020 14:00,1,-119.862638,0.145292,29.305,cpm,MySensor
4/6/2020 14:20,1,-119.862628,0.145292,26.2,cpm,MySensor
4/6/2020 14:40,1,-119.862638,0.145292,24.1,cpm,MySensor
4/6/2020 15:00,1,-119.862638,0.145292,28.097,cpm,MySensor
4/6/2020 15:20,1,-119.862638,0.145292,30.1,cpm,MySensor
4/6/2020 15:40,1,-119.862638,0.145292,35.097,cpm,MySensor
4/6/2020 16:00,1,-119.862638,0.145292,23.999,cpm,MySensor
4/6/2020 16:20,1,-119.862638,0.145292,39.963,cpm,MySensor
4/6/2020 16:40,1,-119.862638,0.145292,32.9,cpm,MySensor
4/6/2020 17:00,1,-119.872001,0.151053,30.901,cpm,MySensor
4/6/2020 17:20,1,-119.936122,0.157151,27.79,cpm,MySensor
4/6/2020 17:40,1,-119.966559,0.187897,25.8,cpm,MySensor
4/6/2020 18:00,1,-119.966559,0.187897,30.79,cpm,MySensor
4/6/2020 18:20,1,-119.966559,0.187897,29.692,cpm,MySensor
4/6/2020 18:40,1,-119.966559,0.187897,31,cpm,MySensor
4/6/2020 19:00,1,-119.966559,0.187897,28,cpm,MySensor
4/6/2020 19:20,1,-119.966559,0.187897,27,cpm,MySensor
4/6/2020 19:40,1,-119.966559,0.187897,30,cpm,MySensor
4/6/2020 20:00,1,-119.966559,0.187897,33,cpm,MySensor
4/6/2020 20:20,1,-119.966559,0.187897,32,cpm,MySensor
4/6/2020 20:40,1,-119.966559,0.187897,30,cpm,MySensor
4/6/2020 21:00,1,-119.966559,0.187897,29,cpm,MySensor
4/6/2020 21:20,1,-119.966559,0.187897,29,cpm,MySensor
4/6/2020 21:40,1,-119.966559,0.187897,28,cpm,MySensor
4/6/2020 22:00,1,-119.966559,0.187897,27,cpm,MySensor
4/6/2020 22:20,1,-119.966559,0.187897,29,cpm,MySensor
4/6/2020 22:40,1,-119.966559,0.187897,30,cpm,MySensor
4/6/2020 23:00,1,-119.966559,0.187897,30,cpm,MySensor
4/6/2020 23:20,1,-119.966559,0.187897,33,cpm,MySensor
4/6/2020 23:40,1,-119.966559,0.187897,30,cpm,MySensor
4/6/2020 0:00,2,-119.96723,0.174,24.00035,cpm,TestUnit
4/6/2020 0:20,2,-119.96723,0.174,22.08645,cpm,TestUnit
4/6/2020 0:40,2,-119.96723,0.174,25,cpm,TestUnit
4/6/2020 1:00,2,-119.96723,0.174,23,cpm,TestUnit
4/6/2020 1:20,2,-119.96723,0.174,24,cpm,TestUnit
4/6/2020 1:40,2,-119.96723,0.174,24,cpm,TestUnit
4/6/2020 2:00,2,-119.96723,0.174,22,cpm,TestUnit
4/6/2020 2:20,2,-119.96723,0.174,23,cpm,TestUnit
4/6/2020 2:40,2,-119.96723,0.174,25,cpm,TestUnit
4/6/2020 3:00,2,-119.96723,0.174,24,cpm,TestUnit
4/6/2020 3:20,2,-119.96723,0.174,25,cpm,TestUnit
4/6/2020 3:40,2,-119.96723,0.174,24,cpm,TestUnit
4/6/2020 4:00,2,-119.96723,0.174,23,cpm,TestUnit
4/6/2020 4:20,2,-119.96723,0.174,23,cpm,TestUnit
4/6/2020 4:40,2,-119.96723,0.174,24,cpm,TestUnit
4/6/2020 5:00,2,-119.96723,0.174,23,cpm,TestUnit
4/6/2020 5:20,2,-119.96723,0.174,22,cpm,TestUnit
4/6/2020 5:40,2,-119.96723,0.174,21,cpm,TestUnit
4/6/2020 6:00,2,-119.96723,0.174,20.5141,cpm,TestUnit
4/6/2020 6:20,2,-119.96723,0.174,23.5967,cpm,TestUnit
4/6/2020 6:40,2,-119.96723,0.174,17.68105,cpm,TestUnit
4/6/2020 7:00,2,-119.96723,0.174,21.76505,cpm,TestUnit
4/6/2020 7:20,2,-119.96723,0.174,32.84835,cpm,TestUnit
4/6/2020 7:40,2,-119.96723,0.174,24.93235,cpm,TestUnit
4/6/2020 8:00,2,-119.921232,0.156938,35.01635,cpm,TestUnit
4/6/2020 8:20,2,-119.883464,0.125398,17.1007,cpm,TestUnit
4/6/2020 8:40,2,-119.883464,0.125398,31.1868,cpm,TestUnit
4/6/2020 9:00,2,-119.883464,0.125398,29.2708,cpm,TestUnit
4/6/2020 9:20,2,-119.883464,0.125398,30,cpm,TestUnit
4/6/2020 9:40,2,-119.883464,0.125398,28,cpm,TestUnit
4/6/2020 10:00,2,-119.883464,0.125398,26,cpm,TestUnit
4/6/2020 10:20,2,-119.883464,0.125398,21,cpm,TestUnit
4/6/2020 10:40,2,-119.883464,0.125398,20,cpm,TestUnit
4/6/2020 11:00,2,-119.883464,0.125398,19.7748,cpm,TestUnit
4/6/2020 11:20,2,-119.883464,0.125398,21,cpm,TestUnit
4/6/2020 11:40,2,-119.883464,0.125398,26,cpm,TestUnit
4/6/2020 12:00,2,-119.883464,0.125398,27,cpm,TestUnit
4/6/2020 12:20,2,-119.883464,0.125398,25,cpm,TestUnit
4/6/2020 12:40,2,-119.883464,0.125398,28,cpm,TestUnit
4/6/2020 13:00,2,-119.883464,0.125398,31,cpm,TestUnit
4/6/2020 13:20,2,-119.883464,0.125398,30,cpm,TestUnit
4/6/2020 13:40,2,-119.883464,0.125398,35.44435,cpm,TestUnit
4/6/2020 14:00,2,-119.883464,0.125398,32,cpm,TestUnit
4/6/2020 14:20,2,-119.883464,0.125398,33,cpm,TestUnit
4/6/2020 14:40,2,-119.883464,0.125398,31,cpm,TestUnit
4/6/2020 15:00,2,-119.883464,0.125398,30,cpm,TestUnit
4/6/2020 15:20,2,-119.883464,0.125398,29,cpm,TestUnit
4/6/2020 15:40,2,-119.883464,0.125398,29,cpm,TestUnit
4/6/2020 16:00,2,-119.883464,0.125398,28.03305,cpm,TestUnit
4/6/2020 16:20,2,-119.883464,0.125398,30,cpm,TestUnit
4/6/2020 16:40,2,-119.883464,0.125398,36.20315,cpm,TestUnit
4/6/2020 17:00,2,-119.92547,0.133603,16,cpm,TestUnit
4/6/2020 17:20,2,-119.96102,0.167587,22.3715,cpm,TestUnit
4/6/2020 17:40,2,-119.9664,0.169486,30.45515,cpm,TestUnit
4/6/2020 18:00,2,-119.952187,0.152946,32.53635,cpm,TestUnit
4/6/2020 18:20,2,-119.952187,0.152946,36.6221,cpm,TestUnit
4/6/2020 18:40,2,-119.952187,0.152946,22.70505,cpm,TestUnit
4/6/2020 19:00,2,-119.952187,0.152946,23,cpm,TestUnit
4/6/2020 19:20,2,-119.952187,0.152946,24,cpm,TestUnit
4/6/2020 19:40,2,-119.952187,0.152946,25,cpm,TestUnit
4/6/2020 20:00,2,-119.952187,0.152946,26.04035,cpm,TestUnit
4/6/2020 20:20,2,-119.95911,0.158557,25.1261,cpm,TestUnit
4/6/2020 20:40,2,-119.967195,0.173888,23.2087,cpm,TestUnit
4/6/2020 21:00,2,-119.967195,0.173888,28.2927,cpm,TestUnit
4/6/2020 21:20,2,-119.967195,0.173888,30,cpm,TestUnit
4/6/2020 21:40,2,-119.967195,0.173888,28,cpm,TestUnit
4/6/2020 22:00,2,-119.967195,0.173888,26.5471,cpm,TestUnit
4/6/2020 22:20,2,-119.967195,0.173888,25,cpm,TestUnit
4/6/2020 22:40,2,-119.967195,0.173888,26,cpm,TestUnit
4/6/2020 23:00,2,-119.967195,0.173888,25.79915,cpm,TestUnit
4/6/2020 23:20,2,-119.967195,0.173888,25,cpm,TestUnit
4/6/2020 23:40,2,-119.967195,0.173888,24,cpm,TestUnit
4/6/2020 0:00,3,-119.90778,0.19256,32,cpm,CitizenScientist
4/6/2020 0:20,3,-119.90778,0.19256,30,cpm,CitizenScientist
4/6/2020 0:40,3,-119.90778,0.19256,29,cpm,CitizenScientist
4/6/2020 1:00,3,-119.90778,0.19256,23,cpm,CitizenScientist
4/6/2020 1:20,3,-119.90778,0.19256,22,cpm,CitizenScientist
4/6/2020 1:40,3,-119.90778,0.19256,18,cpm,CitizenScientist
4/6/2020 2:00,3,-119.90778,0.19256,17,cpm,CitizenScientist
4/6/2020 2:20,3,-119.90778,0.19256,19,cpm,CitizenScientist
4/6/2020 2:40,3,-119.90778,0.19256,21,cpm,CitizenScientist
4/6/2020 3:00,3,-119.90778,0.19256,25,cpm,CitizenScientist
4/6/2020 3:20,3,-119.90778,0.19256,22,cpm,CitizenScientist
4/6/2020 3:40,3,-119.90778,0.19256,19,cpm,CitizenScientist
4/6/2020 4:00,3,-119.90778,0.19256,21,cpm,CitizenScientist
4/6/2020 4:20,3,-119.90778,0.19256,20,cpm,CitizenScientist
4/6/2020 4:40,3,-119.90778,0.19256,20,cpm,CitizenScientist
4/6/2020 5:00,3,-119.90778,0.19256,26,cpm,CitizenScientist
4/6/2020 5:20,3,-119.90778,0.19256,25,cpm,CitizenScientist
4/6/2020 5:40,3,-119.90778,0.19256,24,cpm,CitizenScientist
4/6/2020 6:00,3,-119.90778,0.19256,23,cpm,CitizenScientist
4/6/2020 6:20,3,-119.90778,0.19256,19,cpm,CitizenScientist
4/6/2020 6:40,3,-119.90894,0.178727,15,cpm,CitizenScientist
4/6/2020 7:00,3,-119.90444,0.173168,24,cpm,CitizenScientist
4/6/2020 7:20,3,-119.90444,0.173168,29,cpm,CitizenScientist
4/6/2020 7:40,3,-119.90444,0.173168,12,cpm,CitizenScientist
4/6/2020 8:00,3,-119.90444,0.173168,25,cpm,CitizenScientist
4/6/2020 8:20,3,-119.90444,0.173168,21,cpm,CitizenScientist
4/6/2020 8:40,3,-119.90444,0.173168,22,cpm,CitizenScientist
4/6/2020 9:00,3,-119.90444,0.173168,22,cpm,CitizenScientist
4/6/2020 9:20,3,-119.90444,0.173168,21,cpm,CitizenScientist
4/6/2020 9:40,3,-119.90444,0.173168,23,cpm,CitizenScientist
4/6/2020 10:00,3,-119.90444,0.173168,23,cpm,CitizenScientist
4/6/2020 10:20,3,-119.90444,0.173168,24,cpm,CitizenScientist
4/6/2020 10:40,3,-119.90444,0.173168,25,cpm,CitizenScientist
4/6/2020 11:00,3,-119.90444,0.173168,26,cpm,CitizenScientist
4/6/2020 11:20,3,-119.90444,0.173168,25,cpm,CitizenScientist
4/6/2020 11:40,3,-119.90444,0.173168,28,cpm,CitizenScientist
4/6/2020 12:00,3,-119.90444,0.173168,29,cpm,CitizenScientist
4/6/2020 12:20,3,-119.90444,0.173168,25,cpm,CitizenScientist
4/6/2020 12:40,3,-119.90444,0.173168,22,cpm,CitizenScientist
4/6/2020 13:00,3,-119.90444,0.173168,19,cpm,CitizenScientist
4/6/2020 13:20,3,-119.90444,0.173168,15,cpm,CitizenScientist
4/6/2020 13:40,3,-119.90444,0.173168,14,cpm,CitizenScientist
4/6/2020 14:00,3,-119.90444,0.173168,12,cpm,CitizenScientist
4/6/2020 14:20,3,-119.90444,0.173168,15,cpm,CitizenScientist
4/6/2020 14:40,3,-119.90444,0.173168,16,cpm,CitizenScientist
4/6/2020 15:00,3,-119.90444,0.173168,19,cpm,CitizenScientist
4/6/2020 15:20,3,-119.90444,0.173168,20,cpm,CitizenScientist
4/6/2020 15:40,3,-119.90444,0.173168,22,cpm,CitizenScientist
4/6/2020 16:00,3,-119.90444,0.173168,26,cpm,CitizenScientist
4/6/2020 16:20,3,-119.90444,0.173168,13,cpm,CitizenScientist
4/6/2020 16:40,3,-119.907667,0.192592,20,cpm,CitizenScientist
4/6/2020 17:00,3,-119.907667,0.192592,17,cpm,CitizenScientist
4/6/2020 17:20,3,-119.907667,0.192592,21,cpm,CitizenScientist
4/6/2020 17:40,3,-119.907667,0.192592,14,cpm,CitizenScientist
4/6/2020 18:00,3,-119.907667,0.192592,14,cpm,CitizenScientist
4/6/2020 18:20,3,-119.907667,0.192592,18,cpm,CitizenScientist
4/6/2020 18:40,3,-119.907667,0.192592,20,cpm,CitizenScientist
4/6/2020 19:00,3,-119.907667,0.192592,23,cpm,CitizenScientist
4/6/2020 19:20,3,-119.907667,0.192592,22,cpm,CitizenScientist
4/6/2020 19:40,3,-119.907667,0.192592,23,cpm,CitizenScientist
4/6/2020 20:00,3,-119.907667,0.192592,24,cpm,CitizenScientist
4/6/2020 20:20,3,-119.907667,0.192592,22,cpm,CitizenScientist
4/6/2020 20:40,3,-119.907667,0.192592,20,cpm,CitizenScientist
4/6/2020 21:00,3,-119.907667,0.192592,19,cpm,CitizenScientist
4/6/2020 21:20,3,-119.907667,0.192592,16,cpm,CitizenScientist
4/6/2020 21:40,3,-119.907667,0.192592,15,cpm,CitizenScientist
4/6/2020 22:00,3,-119.907667,0.192592,14,cpm,CitizenScientist
4/6/2020 22:20,3,-119.907667,0.192592,17,cpm,CitizenScientist
4/6/2020 22:40,3,-119.907667,0.192592,18,cpm,CitizenScientist
4/6/2020 23:00,3,-119.907667,0.192592,19,cpm,CitizenScientist
4/6/2020 23:20,3,-119.907667,0.192592,22,cpm,CitizenScientist
4/6/2020 23:40,3,-119.907667,0.192592,20,cpm,CitizenScientist
4/6/2020 0:00,13,-119.84166,0.14529,21,cpm,HSS
4/6/2020 0:20,13,-119.84166,0.14529,22,cpm,HSS
4/6/2020 0:40,13,-119.84166,0.14529,21,cpm,HSS
4/6/2020 1:00,13,-119.84166,0.14529,20,cpm,HSS
4/6/2020 1:20,13,-119.84166,0.14529,21,cpm,HSS
4/6/2020 1:40,13,-119.84166,0.14529,19,cpm,HSS
4/6/2020 2:00,13,-119.84166,0.14529,18,cpm,HSS
4/6/2020 2:20,13,-119.84166,0.14529,20,cpm,HSS
4/6/2020 2:40,13,-119.84166,0.14529,21,cpm,HSS
4/6/2020 3:00,13,-119.84166,0.14529,22,cpm,HSS
4/6/2020 3:20,13,-119.84166,0.14529,21,cpm,HSS
4/6/2020 3:40,13,-119.84166,0.14529,22,cpm,HSS
4/6/2020 4:00,13,-119.84166,0.14529,20,cpm,HSS
4/6/2020 4:20,13,-119.84166,0.14529,21,cpm,HSS
4/6/2020 4:40,13,-119.84166,0.14529,22,cpm,HSS
4/6/2020 5:00,13,-119.84166,0.14529,20,cpm,HSS
4/6/2020 5:20,13,-119.84166,0.14529,19,cpm,HSS
4/6/2020 5:40,13,-119.84166,0.14529,18,cpm,HSS
4/6/2020 6:00,13,-119.84166,0.14529,17,cpm,HSS
4/6/2020 6:20,13,-119.84166,0.14529,18,cpm,HSS
4/6/2020 6:40,13,-119.84166,0.14529,16,cpm,HSS
4/6/2020 7:00,13,-119.84166,0.14529,15,cpm,HSS
4/6/2020 7:20,13,-119.84166,0.14529,16,cpm,HSS
4/6/2020 7:40,13,-119.84166,0.14529,17,cpm,HSS
4/6/2020 8:00,13,-119.84166,0.14529,16,cpm,HSS
4/6/2020 8:20,13,-119.84166,0.14529,15,cpm,HSS
4/6/2020 8:40,13,-119.84166,0.14529,15,cpm,HSS
4/6/2020 9:00,13,-119.84166,0.14529,16,cpm,HSS
4/6/2020 9:20,13,-119.84166,0.14529,18,cpm,HSS
4/6/2020 9:40,13,-119.90444,0.136387,15,cpm,HSS
4/6/2020 10:00,13,-119.779311,0.136747,19,cpm,HSS
4/6/2020 10:20,13,-119.779311,0.136747,21,cpm,HSS
4/6/2020 10:40,13,-119.779311,0.136747,22,cpm,HSS
4/6/2020 11:00,13,-119.779311,0.136747,19,cpm,HSS
4/6/2020 11:20,13,-119.779311,0.136747,18,cpm,HSS
4/6/2020 11:40,13,-119.779311,0.136747,19,cpm,HSS
4/6/2020 12:00,13,-119.779311,0.136747,17,cpm,HSS
4/6/2020 12:20,13,-119.779311,0.136747,16,cpm,HSS
4/6/2020 12:40,13,-119.779311,0.136747,16,cpm,HSS
4/6/2020 13:00,13,-119.779311,0.136747,15,cpm,HSS
4/6/2020 13:20,13,-119.793395,0.140118,14,cpm,HSS
4/6/2020 13:40,13,-119.793395,0.140118,13,cpm,HSS
4/6/2020 14:00,13,-119.793395,0.140118,11,cpm,HSS
4/6/2020 14:20,13,-119.793395,0.140118,14,cpm,HSS
4/6/2020 14:40,13,-119.793395,0.140118,16,cpm,HSS
4/6/2020 15:00,13,-119.793395,0.140118,18,cpm,HSS
4/6/2020 15:20,13,-119.819485,0.141856,19,cpm,HSS
4/6/2020 15:40,13,-119.841613,0.145178,17,cpm,HSS
4/6/2020 16:00,13,-119.841613,0.145178,15,cpm,HSS
4/6/2020 16:20,13,-119.841613,0.145178,16,cpm,HSS
4/6/2020 16:40,13,-119.841613,0.145178,17,cpm,HSS
4/6/2020 17:00,13,-119.841613,0.145178,16,cpm,HSS
4/6/2020 17:20,13,-119.841613,0.145178,18,cpm,HSS
4/6/2020 17:40,13,-119.841613,0.145178,19,cpm,HSS
4/6/2020 18:00,13,-119.841613,0.145178,20,cpm,HSS
4/6/2020 18:20,13,-119.841613,0.145178,20,cpm,HSS
4/6/2020 18:40,13,-119.841613,0.145178,19,cpm,HSS
4/6/2020 19:00,13,-119.841613,0.145178,20,cpm,HSS
4/6/2020 19:20,13,-119.841613,0.145178,17,cpm,HSS
4/6/2020 19:40,13,-119.841613,0.145178,19,cpm,HSS
4/6/2020 20:00,13,-119.841613,0.145178,18,cpm,HSS
4/6/2020 20:20,13,-119.841613,0.145178,17,cpm,HSS
4/6/2020 20:40,13,-119.841613,0.145178,15,cpm,HSS
4/6/2020 21:00,13,-119.841613,0.145178,15,cpm,HSS
4/6/2020 21:20,13,-119.841613,0.145178,14,cpm,HSS
4/6/2020 21:40,13,-119.841613,0.145178,12,cpm,HSS
4/6/2020 22:00,13,-119.841613,0.145178,10,cpm,HSS
4/6/2020 22:20,13,-119.841613,0.145178,12,cpm,HSS
4/6/2020 22:40,13,-119.841613,0.145178,15,cpm,HSS
4/6/2020 23:00,13,-119.841613,0.145178,16,cpm,HSS
4/6/2020 23:20,13,-119.841613,0.145178,18,cpm,HSS
4/6/2020 23:40,13,-119.841613,0.145178,19,cpm,HSS
4/6/2020 0:00,23,-119.73755,0.04669,15,cpm,XrayLady
4/6/2020 0:20,23,-119.73755,0.04669,16,cpm,XrayLady
4/6/2020 0:40,23,-119.73755,0.04669,15,cpm,XrayLady
4/6/2020 1:00,23,-119.73755,0.04669,15,cpm,XrayLady
4/6/2020 1:20,23,-119.73755,0.04669,15,cpm,XrayLady
4/6/2020 1:40,23,-119.73755,0.04669,15,cpm,XrayLady
4/6/2020 2:00,23,-119.73755,0.04669,15,cpm,XrayLady
4/6/2020 2:20,23,-119.73755,0.04669,15,cpm,XrayLady
4/6/2020 2:40,23,-119.73755,0.04669,15,cpm,XrayLady
4/6/2020 3:00,23,-119.73755,0.04669,16,cpm,XrayLady
4/6/2020 3:20,23,-119.73755,0.04669,15,cpm,XrayLady
4/6/2020 3:40,23,-119.73755,0.04669,15,cpm,XrayLady
4/6/2020 4:00,23,-119.73755,0.04669,15,cpm,XrayLady
4/6/2020 4:20,23,-119.73755,0.04669,14,cpm,XrayLady
4/6/2020 4:40,23,-119.73755,0.04669,15,cpm,XrayLady
4/6/2020 5:00,23,-119.73755,0.04669,15,cpm,XrayLady
4/6/2020 5:20,23,-119.73755,0.04669,16,cpm,XrayLady
4/6/2020 5:40,23,-119.73755,0.04669,15,cpm,XrayLady
4/6/2020 6:00,23,-119.73755,0.04669,15,cpm,XrayLady
4/6/2020 6:20,23,-119.73755,0.04669,15,cpm,XrayLady
4/6/2020 6:40,23,-119.73755,0.04669,15,cpm,XrayLady
4/6/2020 7:00,23,-119.73755,0.04669,15,cpm,XrayLady
4/6/2020 7:20,23,-119.73755,0.04669,11,cpm,XrayLady
4/6/2020 7:40,23,-119.73755,0.04669,15,cpm,XrayLady
4/6/2020 8:00,23,-119.781215,0.05481,12,cpm,XrayLady
4/6/2020 8:20,23,-119.840653,0.06264,12,cpm,XrayLady
4/6/2020 8:40,23,-119.845567,0.128142,12,cpm,XrayLady
4/6/2020 9:00,23,-119.889968,0.1537,12,cpm,XrayLady
4/6/2020 9:20,23,-119.889968,0.1537,14,cpm,XrayLady
4/6/2020 9:40,23,-119.909968,0.178883,13,cpm,XrayLady
4/6/2020 10:00,23,-119.909968,0.178883,10,cpm,XrayLady
4/6/2020 10:20,23,-119.909968,0.178883,11,cpm,XrayLady
4/6/2020 10:40,23,-119.909968,0.178883,12,cpm,XrayLady
4/6/2020 11:00,23,-119.909968,0.178883,11,cpm,XrayLady
4/6/2020 11:20,23,-119.909968,0.178883,12,cpm,XrayLady
4/6/2020 11:40,23,-119.909968,0.178883,11,cpm,XrayLady
4/6/2020 12:00,23,-119.909968,0.178883,11,cpm,XrayLady
4/6/2020 12:20,23,-119.909968,0.178883,12,cpm,XrayLady
4/6/2020 12:40,23,-119.909968,0.178883,13,cpm,XrayLady
4/6/2020 13:00,23,-119.909968,0.178883,14,cpm,XrayLady
4/6/2020 13:20,23,-119.909968,0.178883,14,cpm,XrayLady
4/6/2020 13:40,23,-119.909968,0.178883,15,cpm,XrayLady
4/6/2020 14:00,23,-119.909968,0.178883,14,cpm,XrayLady
4/6/2020 14:20,23,-119.909968,0.178883,16,cpm,XrayLady
4/6/2020 14:40,23,-119.909968,0.178883,15,cpm,XrayLady
4/6/2020 15:00,23,-119.909968,0.178883,17,cpm,XrayLady
4/6/2020 15:20,23,-119.909968,0.178883,15,cpm,XrayLady
4/6/2020 15:40,23,-119.909968,0.178883,16,cpm,XrayLady
4/6/2020 16:00,23,-119.909968,0.178883,16,cpm,XrayLady
4/6/2020 16:20,23,-119.909968,0.178883,13,cpm,XrayLady
4/6/2020 16:40,23,-119.856878,0.164764,12,cpm,XrayLady
4/6/2020 17:00,23,-119.82107,0.131761,13,cpm,XrayLady
4/6/2020 17:20,23,-119.785527,0.09686,14,cpm,XrayLady
4/6/2020 17:40,23,-119.75273,0.061971,13,cpm,XrayLady
4/6/2020 18:00,23,-119.73769,0.04669,14,cpm,XrayLady
4/6/2020 18:20,23,-119.73769,0.04669,14,cpm,XrayLady
4/6/2020 18:40,23,-119.73769,0.04669,15,cpm,XrayLady
4/6/2020 19:00,23,-119.73769,0.04669,15,cpm,XrayLady
4/6/2020 19:20,23,-119.73769,0.04669,14,cpm,XrayLady
4/6/2020 19:40,23,-119.73769,0.04669,14,cpm,XrayLady
4/6/2020 20:00,23,-119.73769,0.04669,15,cpm,XrayLady
4/6/2020 20:20,23,-119.73769,0.04669,14,cpm,XrayLady
4/6/2020 20:40,23,-119.73769,0.04669,13,cpm,XrayLady
4/6/2020 21:00,23,-119.73769,0.04669,13,cpm,XrayLady
4/6/2020 21:20,23,-119.73769,0.04669,12,cpm,XrayLady
4/6/2020 21:40,23,-119.73769,0.04669,13,cpm,XrayLady
4/6/2020 22:00,23,-119.73769,0.04669,13,cpm,XrayLady
4/6/2020 22:20,23,-119.73769,0.04669,13,cpm,XrayLady
4/6/2020 22:40,23,-119.73769,0.04669,13,cpm,XrayLady
4/6/2020 23:00,23,-119.73769,0.04669,13,cpm,XrayLady
4/6/2020 23:20,23,-119.73769,0.04669,13,cpm,XrayLady
4/6/2020 23:40,23,-119.73769,0.04669,13,cpm,XrayLady
4/6/2020 0:00,31,-119.73233,0.08294,16,cpm,RadCurieous
4/6/2020 0:20,31,-119.73233,0.08294,16,cpm,RadCurieous
4/6/2020 0:40,31,-119.73233,0.08294,16,cpm,RadCurieous
4/6/2020 1:00,31,-119.73233,0.08294,17,cpm,RadCurieous
4/6/2020 1:20,31,-119.73233,0.08294,16,cpm,RadCurieous
4/6/2020 1:40,31,-119.73233,0.08294,17,cpm,RadCurieous
4/6/2020 2:00,31,-119.73233,0.08294,16,cpm,RadCurieous
4/6/2020 2:20,31,-119.73233,0.08294,16,cpm,RadCurieous
4/6/2020 2:40,31,-119.73233,0.08294,15,cpm,RadCurieous
4/6/2020 3:00,31,-119.73233,0.08294,16,cpm,RadCurieous
4/6/2020 3:20,31,-119.73233,0.08294,15,cpm,RadCurieous
4/6/2020 3:40,31,-119.73233,0.08294,16,cpm,RadCurieous
4/6/2020 4:00,31,-119.73233,0.08294,16,cpm,RadCurieous
4/6/2020 4:20,31,-119.73233,0.08294,15,cpm,RadCurieous
4/6/2020 4:40,31,-119.73233,0.08294,16,cpm,RadCurieous
4/6/2020 5:00,31,-119.73233,0.08294,16,cpm,RadCurieous
4/6/2020 5:20,31,-119.73233,0.08294,17,cpm,RadCurieous
4/6/2020 5:40,31,-119.73233,0.08294,16,cpm,RadCurieous
4/6/2020 6:00,31,-119.73233,0.08294,17,cpm,RadCurieous
4/6/2020 6:20,31,-119.73233,0.08294,16,cpm,RadCurieous
4/6/2020 6:40,31,-119.73233,0.08294,16,cpm,RadCurieous
4/6/2020 7:00,31,-119.73233,0.08294,17,cpm,RadCurieous
4/6/2020 7:20,31,-119.73233,0.08294,16,cpm,RadCurieous
4/6/2020 7:40,31,-119.73233,0.08294,16,cpm,RadCurieous
4/6/2020 8:00,31,-119.73233,0.08294,15,cpm,RadCurieous
4/6/2020 8:20,31,-119.73233,0.08294,16,cpm,RadCurieous
4/6/2020 8:40,31,-119.73233,0.08294,16,cpm,RadCurieous
4/6/2020 9:00,31,-119.73233,0.08294,15,cpm,RadCurieous
4/6/2020 9:20,31,-119.73233,0.08294,16,cpm,RadCurieous
4/6/2020 9:40,31,-119.73233,0.08294,17,cpm,RadCurieous
4/6/2020 10:00,31,-119.73233,0.08294,16,cpm,RadCurieous
4/6/2020 10:20,31,-119.73233,0.08294,16,cpm,RadCurieous
4/6/2020 10:40,31,-119.73233,0.08294,15,cpm,RadCurieous
4/6/2020 11:00,31,-119.73233,0.08294,16,cpm,RadCurieous
4/6/2020 11:20,31,-119.73233,0.08294,16,cpm,RadCurieous
4/6/2020 11:40,31,-119.73233,0.08294,16,cpm,RadCurieous
4/6/2020 12:00,31,-119.73233,0.08294,16,cpm,RadCurieous
4/6/2020 12:20,31,-119.73233,0.08294,15,cpm,RadCurieous
4/6/2020 12:40,31,-119.760624,0.08294,17,cpm,RadCurieous
4/6/2020 13:00,31,-119.829628,0.083187,15,cpm,RadCurieous
4/6/2020 13:20,31,-119.86283,0.120537,16,cpm,RadCurieous
4/6/2020 13:40,31,-119.87625,0.116315,14,cpm,RadCurieous
4/6/2020 14:00,31,-119.87183,0.112041,15,cpm,RadCurieous
4/6/2020 14:20,31,-119.87183,0.112041,15,cpm,RadCurieous
4/6/2020 14:40,31,-119.87183,0.112041,16,cpm,RadCurieous
4/6/2020 15:00,31,-119.87183,0.112041,17,cpm,RadCurieous
4/6/2020 15:20,31,-119.87183,0.112041,16,cpm,RadCurieous
4/6/2020 15:40,31,-119.87183,0.112041,17,cpm,RadCurieous
4/6/2020 16:00,31,-119.87183,0.112041,18,cpm,RadCurieous
4/6/2020 16:20,31,-119.87183,0.112041,18,cpm,RadCurieous
4/6/2020 16:40,31,-119.87183,0.112041,18,cpm,RadCurieous
4/6/2020 17:00,31,-119.87183,0.112041,17,cpm,RadCurieous
4/6/2020 17:20,31,-119.87183,0.112041,18,cpm,RadCurieous
4/6/2020 17:40,31,-119.87183,0.112041,18,cpm,RadCurieous
4/6/2020 18:00,31,-119.87183,0.112041,17,cpm,RadCurieous
4/6/2020 18:20,31,-119.87183,0.112041,17,cpm,RadCurieous
4/6/2020 18:40,31,-119.87183,0.112041,17,cpm,RadCurieous
4/6/2020 19:00,31,-119.87183,0.112041,17,cpm,RadCurieous
4/6/2020 19:20,31,-119.87183,0.112041,18,cpm,RadCurieous
4/6/2020 19:40,31,-119.87183,0.112041,18,cpm,RadCurieous
4/6/2020 20:00,31,-119.87183,0.112041,19,cpm,RadCurieous
4/6/2020 20:20,31,-119.87183,0.112041,18,cpm,RadCurieous
4/6/2020 20:40,31,-119.87183,0.112041,17,cpm,RadCurieous
4/6/2020 21:00,31,-119.87183,0.112041,16,cpm,RadCurieous
4/6/2020 21:20,31,-119.87183,0.112041,16,cpm,RadCurieous
4/6/2020 21:40,31,-119.87183,0.112041,15,cpm,RadCurieous
4/6/2020 22:00,31,-119.87183,0.112041,14,cpm,RadCurieous
4/6/2020 22:20,31,-119.87183,0.112041,15,cpm,RadCurieous
4/6/2020 22:40,31,-119.87183,0.112041,16,cpm,RadCurieous
4/6/2020 23:00,31,-119.87183,0.112041,16,cpm,RadCurieous
4/6/2020 23:20,31,-119.87183,0.112041,17,cpm,RadCurieous
4/6/2020 23:40,31,-119.87183,0.112041,17,cpm,RadCurieous
4/6/2020 0:00,44,-119.89038,0.16617,41,cpm,TaxiDriver
4/6/2020 0:20,44,-119.89038,0.16617,41,cpm,TaxiDriver
4/6/2020 0:40,44,-119.89038,0.16617,42,cpm,TaxiDriver
4/6/2020 1:00,44,-119.89038,0.16617,41,cpm,TaxiDriver
4/6/2020 1:20,44,-119.89038,0.16617,41,cpm,TaxiDriver
4/6/2020 1:40,44,-119.89038,0.16617,41,cpm,TaxiDriver
4/6/2020 2:00,44,-119.89038,0.16617,41,cpm,TaxiDriver
4/6/2020 2:20,44,-119.89038,0.16617,40,cpm,TaxiDriver
4/6/2020 2:40,44,-119.89038,0.16617,41,cpm,TaxiDriver
4/6/2020 3:00,44,-119.89038,0.16617,41,cpm,TaxiDriver
4/6/2020 3:20,44,-119.89038,0.16617,42,cpm,TaxiDriver
4/6/2020 3:40,44,-119.89038,0.16617,41,cpm,TaxiDriver
4/6/2020 4:00,44,-119.89038,0.16617,41,cpm,TaxiDriver
4/6/2020 4:20,44,-119.89038,0.16617,42,cpm,TaxiDriver
4/6/2020 4:40,44,-119.89038,0.16617,41,cpm,TaxiDriver
4/6/2020 5:00,44,-119.89038,0.16617,41,cpm,TaxiDriver
4/6/2020 5:20,44,-119.89038,0.16617,40,cpm,TaxiDriver
4/6/2020 5:40,44,-119.89038,0.16617,41,cpm,TaxiDriver
4/6/2020 6:00,44,-119.89038,0.16617,42,cpm,TaxiDriver
4/6/2020 6:20,44,-119.89038,0.16617,39,cpm,TaxiDriver
4/6/2020 6:40,44,-119.89038,0.16617,36,cpm,TaxiDriver
4/6/2020 7:00,44,-119.872496,0.15254,35,cpm,TaxiDriver
4/6/2020 7:20,44,-119.844589,0.122175,37,cpm,TaxiDriver
4/6/2020 7:40,44,-119.844589,0.122175,38,cpm,TaxiDriver
4/6/2020 8:00,44,-119.844589,0.122175,38,cpm,TaxiDriver
4/6/2020 8:20,44,-119.844589,0.122175,38,cpm,TaxiDriver
4/6/2020 8:40,44,-119.844589,0.122175,38,cpm,TaxiDriver
4/6/2020 9:00,44,-119.844589,0.122175,39,cpm,TaxiDriver
4/6/2020 9:20,44,-119.844589,0.122175,39,cpm,TaxiDriver
4/6/2020 9:40,44,-119.844589,0.122175,39,cpm,TaxiDriver
4/6/2020 10:00,44,-119.844589,0.122175,39,cpm,TaxiDriver
4/6/2020 10:20,44,-119.844589,0.122175,39,cpm,TaxiDriver
4/6/2020 10:40,44,-119.844589,0.122175,39,cpm,TaxiDriver
4/6/2020 11:00,44,-119.844589,0.122175,39,cpm,TaxiDriver
4/6/2020 11:20,44,-119.844589,0.122175,40,cpm,TaxiDriver
4/6/2020 11:40,44,-119.844589,0.122175,43,cpm,TaxiDriver
4/6/2020 12:00,44,-119.84485,0.144862,39,cpm,TaxiDriver
4/6/2020 12:20,44,-119.827215,0.181999,43,cpm,TaxiDriver
4/6/2020 12:40,44,-119.827215,0.181999,40,cpm,TaxiDriver
4/6/2020 13:00,44,-119.827215,0.181999,40,cpm,TaxiDriver
4/6/2020 13:20,44,-119.827215,0.181999,39,cpm,TaxiDriver
4/6/2020 13:40,44,-119.827215,0.181999,40,cpm,TaxiDriver
4/6/2020 14:00,44,-119.827215,0.181999,40,cpm,TaxiDriver
4/6/2020 14:20,44,-119.827215,0.181999,41,cpm,TaxiDriver
4/6/2020 14:40,44,-119.827215,0.181999,40,cpm,TaxiDriver
4/6/2020 15:00,44,-119.827215,0.181999,40,cpm,TaxiDriver
4/6/2020 15:20,44,-119.827215,0.181999,39,cpm,TaxiDriver
4/6/2020 15:40,44,-119.827215,0.181999,40,cpm,TaxiDriver
4/6/2020 16:00,44,-119.827215,0.181999,39,cpm,TaxiDriver
4/6/2020 16:20,44,-119.827215,0.181999,43,cpm,TaxiDriver
4/6/2020 16:40,44,-119.827215,0.181999,36,cpm,TaxiDriver
4/6/2020 17:00,44,-119.866475,0.18096,39,cpm,TaxiDriver
4/6/2020 17:20,44,-119.890258,0.166221,40,cpm,TaxiDriver
4/6/2020 17:40,44,-119.890258,0.166221,39,cpm,TaxiDriver
4/6/2020 18:00,44,-119.890258,0.166221,40,cpm,TaxiDriver
4/6/2020 18:20,44,-119.890258,0.166221,39,cpm,TaxiDriver
4/6/2020 18:40,44,-119.890258,0.166221,38,cpm,TaxiDriver
4/6/2020 19:00,44,-119.890258,0.166221,38,cpm,TaxiDriver
4/6/2020 19:20,44,-119.890258,0.166221,38,cpm,TaxiDriver
4/6/2020 19:40,44,-119.890258,0.166221,37,cpm,TaxiDriver
4/6/2020 20:00,44,-119.890258,0.166221,36,cpm,TaxiDriver
4/6/2020 20:20,44,-119.890258,0.166221,36,cpm,TaxiDriver
4/6/2020 20:40,44,-119.890258,0.166221,35,cpm,TaxiDriver
4/6/2020 21:00,44,-119.890258,0.166221,35,cpm,TaxiDriver
4/6/2020 21:20,44,-119.890258,0.166221,34,cpm,TaxiDriver
4/6/2020 21:40,44,-119.890258,0.166221,34,cpm,TaxiDriver
4/6/2020 22:00,44,-119.890258,0.166221,33,cpm,TaxiDriver
4/6/2020 22:20,44,-119.890258,0.166221,36,cpm,TaxiDriver
4/6/2020 22:40,44,-119.890258,0.166221,37,cpm,TaxiDriver
4/6/2020 23:00,44,-119.890258,0.166221,42,cpm,TaxiDriver
4/6/2020 23:20,44,-119.890258,0.166221,44,cpm,TaxiDriver
4/6/2020 23:40,44,-119.890258,0.166221,47,cpm,TaxiDriver
4/6/2020 0:00,4,-119.93185,0.18734,16,cpm,ASWillhiem
4/6/2020 0:20,4,-119.93185,0.18734,16,cpm,ASWillhiem
4/6/2020 0:40,4,-119.93185,0.18734,16,cpm,ASWillhiem
4/6/2020 1:00,4,-119.93185,0.18734,16,cpm,ASWillhiem
4/6/2020 1:20,4,-119.93185,0.18734,15,cpm,ASWillhiem
4/6/2020 1:40,4,-119.93185,0.18734,16,cpm,ASWillhiem
4/6/2020 2:00,4,-119.93185,0.18734,16,cpm,ASWillhiem
4/6/2020 2:20,4,-119.93185,0.18734,16,cpm,ASWillhiem
4/6/2020 2:40,4,-119.93185,0.18734,16,cpm,ASWillhiem
4/6/2020 3:00,4,-119.93185,0.18734,16,cpm,ASWillhiem
4/6/2020 3:20,4,-119.93185,0.18734,17,cpm,ASWillhiem
4/6/2020 3:40,4,-119.93185,0.18734,16,cpm,ASWillhiem
4/6/2020 4:00,4,-119.93185,0.18734,16,cpm,ASWillhiem
4/6/2020 4:20,4,-119.93185,0.18734,16,cpm,ASWillhiem
4/6/2020 4:40,4,-119.93185,0.18734,14,cpm,ASWillhiem
4/6/2020 5:00,4,-119.93185,0.18734,16,cpm,ASWillhiem
4/6/2020 5:20,4,-119.93185,0.18734,16,cpm,ASWillhiem
4/6/2020 5:40,4,-119.93185,0.18734,16,cpm,ASWillhiem
4/6/2020 6:00,4,-119.93185,0.18734,15,cpm,ASWillhiem
4/6/2020 6:20,4,-119.93185,0.18734,14,cpm,ASWillhiem
4/6/2020 6:40,4,-119.93185,0.18734,13,cpm,ASWillhiem
4/6/2020 7:00,4,-119.930502,0.157181,16,cpm,ASWillhiem
4/6/2020 7:20,4,-119.89009,0.128017,11,cpm,ASWillhiem
4/6/2020 7:40,4,-119.871957,0.11194,15,cpm,ASWillhiem
4/6/2020 8:00,4,-119.871957,0.11194,17,cpm,ASWillhiem
4/6/2020 8:20,4,-119.871957,0.11194,18,cpm,ASWillhiem
4/6/2020 8:40,4,-119.871957,0.11194,20,cpm,ASWillhiem
4/6/2020 9:00,4,-119.871957,0.11194,21,cpm,ASWillhiem
4/6/2020 9:20,4,-119.871957,0.11194,21,cpm,ASWillhiem
4/6/2020 9:40,4,-119.871957,0.11194,21,cpm,ASWillhiem
4/6/2020 10:00,4,-119.871957,0.11194,21,cpm,ASWillhiem
4/6/2020 10:20,4,-119.871957,0.11194,20,cpm,ASWillhiem
4/6/2020 10:40,4,-119.871957,0.11194,19,cpm,ASWillhiem
4/6/2020 11:00,4,-119.871957,0.11194,20,cpm,ASWillhiem
4/6/2020 11:20,4,-119.871957,0.11194,21,cpm,ASWillhiem
4/6/2020 11:40,4,-119.871957,0.11194,21,cpm,ASWillhiem
4/6/2020 12:00,4,-119.871957,0.11194,21,cpm,ASWillhiem
4/6/2020 12:20,4,-119.871957,0.11194,20,cpm,ASWillhiem
4/6/2020 12:40,4,-119.871957,0.11194,18,cpm,ASWillhiem
4/6/2020 13:00,4,-119.871957,0.11194,16,cpm,ASWillhiem
4/6/2020 13:20,4,-119.871957,0.11194,15,cpm,ASWillhiem
4/6/2020 13:40,4,-119.871957,0.11194,14,cpm,ASWillhiem
4/6/2020 14:00,4,-119.871957,0.11194,13,cpm,ASWillhiem
4/6/2020 14:20,4,-119.871957,0.11194,12,cpm,ASWillhiem
4/6/2020 14:40,4,-119.871957,0.11194,12,cpm,ASWillhiem
4/6/2020 15:00,4,-119.871957,0.11194,11,cpm,ASWillhiem
4/6/2020 15:20,4,-119.871957,0.11194,12,cpm,ASWillhiem
4/6/2020 15:40,4,-119.871957,0.11194,12,cpm,ASWillhiem
4/6/2020 16:00,4,-119.871957,0.11194,12,cpm,ASWillhiem
4/6/2020 16:20,4,-119.871957,0.11194,13,cpm,ASWillhiem
4/6/2020 16:40,4,-119.871957,0.11194,12,cpm,ASWillhiem
4/6/2020 17:00,4,-119.871957,0.11194,11,cpm,ASWillhiem
4/6/2020 17:20,4,-119.871957,0.11194,12,cpm,ASWillhiem
4/6/2020 17:40,4,-119.871957,0.11194,11,cpm,ASWillhiem
4/6/2020 18:00,4,-119.871957,0.11194,12,cpm,ASWillhiem
4/6/2020 18:20,4,-119.871957,0.11194,12,cpm,ASWillhiem
4/6/2020 18:40,4,-119.871957,0.11194,11,cpm,ASWillhiem
4/6/2020 19:00,4,-119.871957,0.11194,12,cpm,ASWillhiem
4/6/2020 19:20,4,-119.871957,0.11194,11,cpm,ASWillhiem
4/6/2020 19:40,4,-119.871957,0.11194,12,cpm,ASWillhiem
4/6/2020 20:00,4,-119.871957,0.11194,11,cpm,ASWillhiem
4/6/2020 20:20,4,-119.871957,0.11194,11,cpm,ASWillhiem
4/6/2020 20:40,4,-119.871957,0.11194,11,cpm,ASWillhiem
4/6/2020 21:00,4,-119.871957,0.11194,12,cpm,ASWillhiem
4/6/2020 21:20,4,-119.871957,0.11194,12,cpm,ASWillhiem
4/6/2020 21:40,4,-119.871957,0.11194,12,cpm,ASWillhiem
4/6/2020 22:00,4,-119.871957,0.11194,12,cpm,ASWillhiem
4/6/2020 22:20,4,-119.871957,0.11194,13,cpm,ASWillhiem
4/6/2020 22:40,4,-119.871957,0.11194,13,cpm,ASWillhiem
4/6/2020 23:00,4,-119.871957,0.11194,14,cpm,ASWillhiem
4/6/2020 23:20,4,-119.871957,0.11194,14,cpm,ASWillhiem
4/6/2020 23:40,4,-119.871957,0.11194,15,cpm,ASWillhiem
4/6/2020 0:00,1,-119.959,0.15689,17.055,cpm,Static
4/6/2020 0:20,1,-119.959,0.15689,13.766,cpm,Static
4/6/2020 0:40,1,-119.959,0.15689,15.032,cpm,Static
4/6/2020 1:00,1,-119.959,0.15689,13.051,cpm,Static
4/6/2020 1:20,1,-119.959,0.15689,16.535,cpm,Static
4/6/2020 1:40,1,-119.959,0.15689,19.841,cpm,Static
4/6/2020 2:00,1,-119.959,0.15689,13.223,cpm,Static
4/6/2020 2:20,1,-119.959,0.15689,17.393,cpm,Static
4/6/2020 2:40,1,-119.959,0.15689,11.862,cpm,Static
4/6/2020 3:00,1,-119.959,0.15689,14.393,cpm,Static
4/6/2020 3:20,1,-119.959,0.15689,14.286,cpm,Static
4/6/2020 3:40,1,-119.959,0.15689,14.762,cpm,Static
4/6/2020 4:00,1,-119.959,0.15689,13.641,cpm,Static
4/6/2020 4:20,1,-119.959,0.15689,13.075,cpm,Static
4/6/2020 4:40,1,-119.959,0.15689,13.223,cpm,Static
4/6/2020 5:00,1,-119.959,0.15689,11.675,cpm,Static
4/6/2020 5:20,1,-119.959,0.15689,14.191,cpm,Static
4/6/2020 5:40,1,-119.959,0.15689,12.649,cpm,Static
4/6/2020 6:00,1,-119.959,0.15689,18.043,cpm,Static
4/6/2020 6:20,1,-119.959,0.15689,17.569,cpm,Static
4/6/2020 6:40,1,-119.959,0.15689,18.669,cpm,Static
4/6/2020 7:00,1,-119.959,0.15689,16.535,cpm,Static
4/6/2020 7:20,1,-119.959,0.15689,16.456,cpm,Static
4/6/2020 7:40,1,-119.959,0.15689,15.535,cpm,Static
4/6/2020 8:00,1,-119.959,0.15689,15.993,cpm,Static
4/6/2020 8:20,1,-119.959,0.15689,15.966,cpm,Static
4/6/2020 8:40,1,-119.959,0.15689,15.584,cpm,Static
4/6/2020 9:00,1,-119.959,0.15689,15.325,cpm,Static
4/6/2020 9:20,1,-119.959,0.15689,14.586,cpm,Static
4/6/2020 9:40,1,-119.959,0.15689,14.258,cpm,Static
4/6/2020 10:00,1,-119.959,0.15689,15.123,cpm,Static
4/6/2020 10:20,1,-119.959,0.15689,14.356,cpm,Static
4/6/2020 10:40,1,-119.959,0.15689,14.257,cpm,Static
4/6/2020 11:00,1,-119.959,0.15689,14.133,cpm,Static
4/6/2020 11:20,1,-119.959,0.15689,14.555,cpm,Static
4/6/2020 11:40,1,-119.959,0.15689,14.478,cpm,Static
4/6/2020 12:00,1,-119.959,0.15689,14.125,cpm,Static
4/6/2020 12:20,1,-119.959,0.15689,14.145,cpm,Static
4/6/2020 12:40,1,-119.959,0.15689,14.635,cpm,Static
4/6/2020 13:00,1,-119.959,0.15689,13.564,cpm,Static
4/6/2020 13:20,1,-119.959,0.15689,13.567,cpm,Static
4/6/2020 13:40,1,-119.959,0.15689,13.567,cpm,Static
4/6/2020 14:00,1,-119.959,0.15689,13.234,cpm,Static
4/6/2020 14:20,1,-119.959,0.15689,13.679,cpm,Static
4/6/2020 14:40,1,-119.959,0.15689,13.123,cpm,Static
4/6/2020 15:00,1,-119.959,0.15689,13.111,cpm,Static
4/6/2020 15:20,1,-119.959,0.15689,13.235,cpm,Static
4/6/2020 15:40,1,-119.959,0.15689,13.456,cpm,Static
4/6/2020 16:00,1,-119.959,0.15689,13.144,cpm,Static
4/6/2020 16:20,1,-119.959,0.15689,13.235,cpm,Static
4/6/2020 16:40,1,-119.959,0.15689,13.456,cpm,Static
4/6/2020 17:00,1,-119.959,0.15689,13.586,cpm,Static
4/6/2020 17:20,1,-119.959,0.15689,13.425,cpm,Static
4/6/2020 17:40,1,-119.959,0.15689,13.144,cpm,Static
4/6/2020 18:00,1,-119.959,0.15689,13.136,cpm,Static
4/6/2020 18:20,1,-119.959,0.15689,13.458,cpm,Static
4/6/2020 18:40,1,-119.959,0.15689,13.753,cpm,Static
4/6/2020 19:00,1,-119.959,0.15689,13.156,cpm,Static
4/6/2020 19:20,1,-119.959,0.15689,13.452,cpm,Static
4/6/2020 19:40,1,-119.959,0.15689,13.365,cpm,Static
4/6/2020 20:00,1,-119.959,0.15689,13.475,cpm,Static
4/6/2020 20:20,1,-119.959,0.15689,13.735,cpm,Static
4/6/2020 20:40,1,-119.959,0.15689,13.425,cpm,Static
4/6/2020 21:00,1,-119.959,0.15689,13.365,cpm,Static
4/6/2020 21:20,1,-119.959,0.15689,13.485,cpm,Static
4/6/2020 21:40,1,-119.959,0.15689,13.753,cpm,Static
4/6/2020 22:00,1,-119.959,0.15689,13.562,cpm,Static
4/6/2020 22:20,1,-119.959,0.15689,13.124,cpm,Static
4/6/2020 22:40,1,-119.959,0.15689,13.258,cpm,Static
4/6/2020 23:00,1,-119.959,0.15689,13.742,cpm,Static
4/6/2020 23:20,1,-119.959,0.15689,13.146,cpm,Static
4/6/2020 23:40,1,-119.959,0.15689,13.525,cpm,Static
4/6/2020 0:00,4,-119.91,0.15109,16.751,cpm,Static
4/6/2020 0:20,4,-119.91,0.15109,15.26,cpm,Static
4/6/2020 0:40,4,-119.91,0.15109,15.393,cpm,Static
4/6/2020 1:00,4,-119.91,0.15109,16.747,cpm,Static
4/6/2020 1:20,4,-119.91,0.15109,16.62,cpm,Static
4/6/2020 1:40,4,-119.91,0.15109,16.568,cpm,Static
4/6/2020 2:00,4,-119.91,0.15109,16.245,cpm,Static
4/6/2020 2:20,4,-119.91,0.15109,16.123,cpm,Static
4/6/2020 2:40,4,-119.91,0.15109,15.747,cpm,Static
4/6/2020 3:00,4,-119.91,0.15109,15.762,cpm,Static
4/6/2020 3:20,4,-119.91,0.15109,15.453,cpm,Static
4/6/2020 3:40,4,-119.91,0.15109,14.987,cpm,Static
4/6/2020 4:00,4,-119.91,0.15109,14.863,cpm,Static
4/6/2020 4:20,4,-119.91,0.15109,14.753,cpm,Static
4/6/2020 4:40,4,-119.91,0.15109,14.568,cpm,Static
4/6/2020 5:00,4,-119.91,0.15109,14.262,cpm,Static
4/6/2020 5:20,4,-119.91,0.15109,14.262,cpm,Static
4/6/2020 5:40,4,-119.91,0.15109,14.262,cpm,Static
4/6/2020 6:00,4,-119.91,0.15109,14.262,cpm,Static
4/6/2020 6:20,4,-119.91,0.15109,14.262,cpm,Static
4/6/2020 6:40,4,-119.91,0.15109,14.262,cpm,Static
4/6/2020 7:00,4,-119.91,0.15109,14.262,cpm,Static
4/6/2020 7:20,4,-119.91,0.15109,14.262,cpm,Static
4/6/2020 7:40,4,-119.91,0.15109,14.262,cpm,Static
4/6/2020 8:00,4,-119.91,0.15109,14.262,cpm,Static
4/6/2020 8:20,4,-119.91,0.15109,14.262,cpm,Static
4/6/2020 8:40,4,-119.91,0.15109,14.262,cpm,Static
4/6/2020 9:00,4,-119.91,0.15109,14.262,cpm,Static
4/6/2020 9:20,4,-119.91,0.15109,14.262,cpm,Static
4/6/2020 9:40,4,-119.91,0.15109,14.262,cpm,Static
4/6/2020 10:00,4,-119.91,0.15109,14.262,cpm,Static
4/6/2020 10:20,4,-119.91,0.15109,14.262,cpm,Static
4/6/2020 10:40,4,-119.91,0.15109,14.262,cpm,Static
4/6/2020 11:00,4,-119.91,0.15109,14.262,cpm,Static
4/6/2020 11:20,4,-119.91,0.15109,14.262,cpm,Static
4/6/2020 11:40,4,-119.91,0.15109,14.262,cpm,Static
4/6/2020 12:00,4,-119.91,0.15109,14.206,cpm,Static
4/6/2020 12:20,4,-119.91,0.15109,14.206,cpm,Static
4/6/2020 12:40,4,-119.91,0.15109,14.206,cpm,Static
4/6/2020 13:00,4,-119.91,0.15109,14.206,cpm,Static
4/6/2020 13:20,4,-119.91,0.15109,14.206,cpm,Static
4/6/2020 13:40,4,-119.91,0.15109,14.206,cpm,Static
4/6/2020 14:00,4,-119.91,0.15109,14.206,cpm,Static
4/6/2020 14:20,4,-119.91,0.15109,14.206,cpm,Static
4/6/2020 14:40,4,-119.91,0.15109,14.206,cpm,Static
4/6/2020 15:00,4,-119.91,0.15109,14.145,cpm,Static
4/6/2020 15:20,4,-119.91,0.15109,14.206,cpm,Static
4/6/2020 15:40,4,-119.91,0.15109,14.206,cpm,Static
4/6/2020 16:00,4,-119.91,0.15109,14.456,cpm,Static
4/6/2020 16:20,4,-119.91,0.15109,14.206,cpm,Static
4/6/2020 16:40,4,-119.91,0.15109,14.206,cpm,Static
4/6/2020 17:00,4,-119.91,0.15109,14.206,cpm,Static
4/6/2020 17:20,4,-119.91,0.15109,14.206,cpm,Static
4/6/2020 17:40,4,-119.91,0.15109,14.206,cpm,Static
4/6/2020 18:00,4,-119.91,0.15109,14.451,cpm,Static
4/6/2020 18:20,4,-119.91,0.15109,14.451,cpm,Static
4/6/2020 18:40,4,-119.91,0.15109,14.451,cpm,Static
4/6/2020 19:00,4,-119.91,0.15109,14.451,cpm,Static
4/6/2020 19:20,4,-119.91,0.15109,14.451,cpm,Static
4/6/2020 19:40,4,-119.91,0.15109,14.451,cpm,Static
4/6/2020 20:00,4,-119.91,0.15109,13.546,cpm,Static
4/6/2020 20:20,4,-119.91,0.15109,13.546,cpm,Static
4/6/2020 20:40,4,-119.91,0.15109,13.546,cpm,Static
4/6/2020 21:00,4,-119.91,0.15109,13.546,cpm,Static
4/6/2020 21:20,4,-119.91,0.15109,13.546,cpm,Static
4/6/2020 21:40,4,-119.91,0.15109,13.546,cpm,Static
4/6/2020 22:00,4,-119.91,0.15109,12.345,cpm,Static
4/6/2020 22:20,4,-119.91,0.15109,12.345,cpm,Static
4/6/2020 22:40,4,-119.91,0.15109,12.345,cpm,Static
4/6/2020 23:00,4,-119.91,0.15109,12.345,cpm,Static
4/6/2020 23:20,4,-119.91,0.15109,12.345,cpm,Static
4/6/2020 23:40,4,-119.91,0.15109,12.345,cpm,Static
4/6/2020 0:00,6,-119.904,0.1218,17.379,cpm,Static
4/6/2020 0:20,6,-119.904,0.1218,17.379,cpm,Static
4/6/2020 0:40,6,-119.904,0.1218,17.379,cpm,Static
4/6/2020 1:00,6,-119.904,0.1218,16.256,cpm,Static
4/6/2020 1:20,6,-119.904,0.1218,16.256,cpm,Static
4/6/2020 1:40,6,-119.904,0.1218,16.256,cpm,Static
4/6/2020 2:00,6,-119.904,0.1218,16.256,cpm,Static
4/6/2020 2:20,6,-119.904,0.1218,16.256,cpm,Static
4/6/2020 2:40,6,-119.904,0.1218,15.456,cpm,Static
4/6/2020 3:00,6,-119.904,0.1218,15.456,cpm,Static
4/6/2020 3:20,6,-119.904,0.1218,15.456,cpm,Static
4/6/2020 3:40,6,-119.904,0.1218,14.812,cpm,Static
4/6/2020 4:00,6,-119.904,0.1218,14.812,cpm,Static
4/6/2020 4:20,6,-119.904,0.1218,14.812,cpm,Static
4/6/2020 4:40,6,-119.904,0.1218,13.323,cpm,Static
4/6/2020 5:00,6,-119.904,0.1218,13.323,cpm,Static
4/6/2020 5:20,6,-119.904,0.1218,13.323,cpm,Static
4/6/2020 5:40,6,-119.904,0.1218,13.323,cpm,Static
4/6/2020 6:00,6,-119.904,0.1218,13.323,cpm,Static
4/6/2020 6:20,6,-119.904,0.1218,13.323,cpm,Static
4/6/2020 6:40,6,-119.904,0.1218,14.812,cpm,Static
4/6/2020 7:00,6,-119.904,0.1218,14.812,cpm,Static
4/6/2020 7:20,6,-119.904,0.1218,14.812,cpm,Static
4/6/2020 7:40,6,-119.904,0.1218,15.456,cpm,Static
4/6/2020 8:00,6,-119.904,0.1218,15.456,cpm,Static
4/6/2020 8:20,6,-119.904,0.1218,15.456,cpm,Static
4/6/2020 8:40,6,-119.904,0.1218,16.256,cpm,Static
4/6/2020 9:00,6,-119.904,0.1218,16.256,cpm,Static
4/6/2020 9:20,6,-119.904,0.1218,16.256,cpm,Static
4/6/2020 9:40,6,-119.904,0.1218,17.1,cpm,Static
4/6/2020 10:00,6,-119.904,0.1218,17.19,cpm,Static
4/6/2020 10:20,6,-119.904,0.1218,17.19,cpm,Static
4/6/2020 10:40,6,-119.904,0.1218,17.19,cpm,Static
4/6/2020 11:00,6,-119.904,0.1218,16.452,cpm,Static
4/6/2020 11:20,6,-119.904,0.1218,16.452,cpm,Static
4/6/2020 11:40,6,-119.904,0.1218,16.452,cpm,Static
4/6/2020 12:00,6,-119.904,0.1218,16.452,cpm,Static
4/6/2020 12:20,6,-119.904,0.1218,16.452,cpm,Static
4/6/2020 12:40,6,-119.904,0.1218,15.126,cpm,Static
4/6/2020 13:00,6,-119.904,0.1218,15.126,cpm,Static
4/6/2020 13:20,6,-119.904,0.1218,15.126,cpm,Static
4/6/2020 13:40,6,-119.904,0.1218,15.126,cpm,Static
4/6/2020 14:00,6,-119.904,0.1218,14.326,cpm,Static
4/6/2020 14:20,6,-119.904,0.1218,14.326,cpm,Static
4/6/2020 14:40,6,-119.904,0.1218,14.326,cpm,Static
4/6/2020 15:00,6,-119.904,0.1218,14.326,cpm,Static
4/6/2020 15:20,6,-119.904,0.1218,13.816,cpm,Static
4/6/2020 15:40,6,-119.904,0.1218,13.816,cpm,Static
4/6/2020 16:00,6,-119.904,0.1218,13.816,cpm,Static
4/6/2020 16:20,6,-119.904,0.1218,13.816,cpm,Static
4/6/2020 16:40,6,-119.904,0.1218,13.816,cpm,Static
4/6/2020 17:00,6,-119.904,0.1218,14.516,cpm,Static
4/6/2020 17:20,6,-119.904,0.1218,14.516,cpm,Static
4/6/2020 17:40,6,-119.904,0.1218,14.516,cpm,Static
4/6/2020 18:00,6,-119.904,0.1218,14.516,cpm,Static
4/6/2020 18:20,6,-119.904,0.1218,14.516,cpm,Static
4/6/2020 18:40,6,-119.904,0.1218,14.516,cpm,Static
4/6/2020 19:00,6,-119.904,0.1218,15.123,cpm,Static
4/6/2020 19:20,6,-119.904,0.1218,15.123,cpm,Static
4/6/2020 19:40,6,-119.904,0.1218,15.123,cpm,Static
4/6/2020 20:00,6,-119.904,0.1218,15.341,cpm,Static
4/6/2020 20:20,6,-119.904,0.1218,15.341,cpm,Static
4/6/2020 20:40,6,-119.904,0.1218,15.341,cpm,Static
4/6/2020 21:00,6,-119.904,0.1218,14.265,cpm,Static
4/6/2020 21:20,6,-119.904,0.1218,14.265,cpm,Static
4/6/2020 21:40,6,-119.904,0.1218,14.265,cpm,Static
4/6/2020 22:00,6,-119.904,0.1218,14.265,cpm,Static
4/6/2020 22:20,6,-119.904,0.1218,13.265,cpm,Static
4/6/2020 22:40,6,-119.904,0.1218,13.265,cpm,Static
4/6/2020 23:00,6,-119.904,0.1218,13.265,cpm,Static
4/6/2020 23:20,6,-119.904,0.1218,13.265,cpm,Static
4/6/2020 23:40,6,-119.904,0.1218,12.544,cpm,Static
4/6/2020 0:00,9,-119.856,0.18299,15.793,cpm,Static
4/6/2020 0:20,9,-119.856,0.18299,15.793,cpm,Static
4/6/2020 0:40,9,-119.856,0.18299,15.793,cpm,Static
4/6/2020 1:00,9,-119.856,0.18299,15.793,cpm,Static
4/6/2020 1:20,9,-119.856,0.18299,14.124,cpm,Static
4/6/2020 1:40,9,-119.856,0.18299,14.325,cpm,Static
4/6/2020 2:00,9,-119.856,0.18299,14.562,cpm,Static
4/6/2020 2:20,9,-119.856,0.18299,14.124,cpm,Static
4/6/2020 2:40,9,-119.856,0.18299,14.324,cpm,Static
4/6/2020 3:00,9,-119.856,0.18299,13.752,cpm,Static
4/6/2020 3:20,9,-119.856,0.18299,13.254,cpm,Static
4/6/2020 3:40,9,-119.856,0.18299,13.124,cpm,Static
4/6/2020 4:00,9,-119.856,0.18299,13.42,cpm,Static
4/6/2020 4:20,9,-119.856,0.18299,12.142,cpm,Static
4/6/2020 4:40,9,-119.856,0.18299,12.536,cpm,Static
4/6/2020 5:00,9,-119.856,0.18299,12.708,cpm,Static
4/6/2020 5:20,9,-119.856,0.18299,12.752,cpm,Static
4/6/2020 5:40,9,-119.856,0.18299,12.418,cpm,Static
4/6/2020 6:00,9,-119.856,0.18299,12.248,cpm,Static
4/6/2020 6:20,9,-119.856,0.18299,12.236,cpm,Static
4/6/2020 6:40,9,-119.856,0.18299,12.152,cpm,Static
4/6/2020 7:00,9,-119.856,0.18299,12.252,cpm,Static
4/6/2020 7:20,9,-119.856,0.18299,12.708,cpm,Static
4/6/2020 7:40,9,-119.856,0.18299,12.708,cpm,Static
4/6/2020 8:00,9,-119.856,0.18299,12.708,cpm,Static
4/6/2020 8:20,9,-119.856,0.18299,12.708,cpm,Static
4/6/2020 8:40,9,-119.856,0.18299,12.225,cpm,Static
4/6/2020 9:00,9,-119.856,0.18299,12.236,cpm,Static
4/6/2020 9:20,9,-119.856,0.18299,12.2187,cpm,Static
4/6/2020 9:40,9,-119.856,0.18299,12.254,cpm,Static
4/6/2020 10:00,9,-119.856,0.18299,12.254,cpm,Static
4/6/2020 10:20,9,-119.856,0.18299,12.425,cpm,Static
4/6/2020 10:40,9,-119.856,0.18299,12.236,cpm,Static
4/6/2020 11:00,9,-119.856,0.18299,12.586,cpm,Static
4/6/2020 11:20,9,-119.856,0.18299,12.124,cpm,Static
4/6/2020 11:40,9,-119.856,0.18299,12.235,cpm,Static
4/6/2020 12:00,9,-119.856,0.18299,12.142,cpm,Static
4/6/2020 12:20,9,-119.856,0.18299,12.124,cpm,Static
4/6/2020 12:40,9,-119.856,0.18299,12.142,cpm,Static
4/6/2020 13:00,9,-119.856,0.18299,12.124,cpm,Static
4/6/2020 13:20,9,-119.856,0.18299,12.324,cpm,Static
4/6/2020 13:40,9,-119.856,0.18299,12.124,cpm,Static
4/6/2020 14:00,9,-119.856,0.18299,12.435,cpm,Static
4/6/2020 14:20,9,-119.856,0.18299,12.825,cpm,Static
4/6/2020 14:40,9,-119.856,0.18299,12.254,cpm,Static
4/6/2020 15:00,9,-119.856,0.18299,13.589,cpm,Static
4/6/2020 15:20,9,-119.856,0.18299,13.316,cpm,Static
4/6/2020 15:40,9,-119.856,0.18299,13.164,cpm,Static
4/6/2020 16:00,9,-119.856,0.18299,13.136,cpm,Static
4/6/2020 16:20,9,-119.856,0.18299,13.753,cpm,Static
4/6/2020 16:40,9,-119.856,0.18299,13.163,cpm,Static
4/6/2020 17:00,9,-119.856,0.18299,13.134,cpm,Static
4/6/2020 17:20,9,-119.856,0.18299,13.163,cpm,Static
4/6/2020 17:40,9,-119.856,0.18299,13.235,cpm,Static
4/6/2020 18:00,9,-119.856,0.18299,13.345,cpm,Static
4/6/2020 18:20,9,-119.856,0.18299,17.145,cpm,Static
4/6/2020 18:40,9,-119.856,0.18299,13.135,cpm,Static
4/6/2020 19:00,9,-119.856,0.18299,13.465,cpm,Static
4/6/2020 19:20,9,-119.856,0.18299,13.725,cpm,Static
4/6/2020 19:40,9,-119.856,0.18299,13.125,cpm,Static
4/6/2020 20:00,9,-119.856,0.18299,13.435,cpm,Static
4/6/2020 20:20,9,-119.856,0.18299,13.425,cpm,Static
4/6/2020 20:40,9,-119.856,0.18299,13.369,cpm,Static
4/6/2020 21:00,9,-119.856,0.18299,13.742,cpm,Static
4/6/2020 21:20,9,-119.856,0.18299,13.748,cpm,Static
4/6/2020 21:40,9,-119.856,0.18299,13.896,cpm,Static
4/6/2020 22:00,9,-119.856,0.18299,13.786,cpm,Static
4/6/2020 22:20,9,-119.856,0.18299,13.753,cpm,Static
4/6/2020 22:40,9,-119.856,0.18299,13.863,cpm,Static
4/6/2020 23:00,9,-119.856,0.18299,13.741,cpm,Static
4/6/2020 23:20,9,-119.856,0.18299,13.412,cpm,Static
4/6/2020 23:40,9,-119.856,0.18299,13.434,cpm,Static
4/6/2020 0:00,11,-119.829,0.04147,19.459,cpm,Static
4/6/2020 0:20,11,-119.829,0.04147,19.449,cpm,Static
4/6/2020 0:40,11,-119.829,0.04147,18.123,cpm,Static
4/6/2020 1:00,11,-119.829,0.04147,18.345,cpm,Static
4/6/2020 1:20,11,-119.829,0.04147,18.124,cpm,Static
4/6/2020 1:40,11,-119.829,0.04147,17.956,cpm,Static
4/6/2020 2:00,11,-119.829,0.04147,17.564,cpm,Static
4/6/2020 2:20,11,-119.829,0.04147,17.235,cpm,Static
4/6/2020 2:40,11,-119.829,0.04147,16.765,cpm,Static
4/6/2020 3:00,11,-119.829,0.04147,16.109,cpm,Static
4/6/2020 3:20,11,-119.829,0.04147,16.104,cpm,Static
4/6/2020 3:40,11,-119.829,0.04147,16.236,cpm,Static
4/6/2020 4:00,11,-119.829,0.04147,16.241,cpm,Static
4/6/2020 4:20,11,-119.829,0.04147,15.956,cpm,Static
4/6/2020 4:40,11,-119.829,0.04147,15.943,cpm,Static
4/6/2020 5:00,11,-119.829,0.04147,15.534,cpm,Static
4/6/2020 5:20,11,-119.829,0.04147,15.62,cpm,Static
4/6/2020 5:40,11,-119.829,0.04147,14.234,cpm,Static
4/6/2020 6:00,11,-119.829,0.04147,14.425,cpm,Static
4/6/2020 6:20,11,-119.829,0.04147,14.456,cpm,Static
4/6/2020 6:40,11,-119.829,0.04147,14.134,cpm,Static
4/6/2020 7:00,11,-119.829,0.04147,13.225,cpm,Static
4/6/2020 7:20,11,-119.829,0.04147,13.235,cpm,Static
4/6/2020 7:40,11,-119.829,0.04147,13.134,cpm,Static
4/6/2020 8:00,11,-119.829,0.04147,13.345,cpm,Static
4/6/2020 8:20,11,-119.829,0.04147,13.365,cpm,Static
4/6/2020 8:40,11,-119.829,0.04147,13.694,cpm,Static
4/6/2020 9:00,11,-119.829,0.04147,13.143,cpm,Static
4/6/2020 9:20,11,-119.829,0.04147,12.145,cpm,Static
4/6/2020 9:40,11,-119.829,0.04147,12.864,cpm,Static
4/6/2020 10:00,11,-119.829,0.04147,12.146,cpm,Static
4/6/2020 10:20,11,-119.829,0.04147,12.364,cpm,Static
4/6/2020 10:40,11,-119.829,0.04147,12.146,cpm,Static
4/6/2020 11:00,11,-119.829,0.04147,12.46,cpm,Static
4/6/2020 11:20,11,-119.829,0.04147,12.451,cpm,Static
4/6/2020 11:40,11,-119.829,0.04147,13.946,cpm,Static
4/6/2020 12:00,11,-119.829,0.04147,13.986,cpm,Static
4/6/2020 12:20,11,-119.829,0.04147,13.763,cpm,Static
4/6/2020 12:40,11,-119.829,0.04147,13.145,cpm,Static
4/6/2020 13:00,11,-119.829,0.04147,13.467,cpm,Static
4/6/2020 13:20,11,-119.829,0.04147,13.435,cpm,Static
4/6/2020 13:40,11,-119.829,0.04147,14.876,cpm,Static
4/6/2020 14:00,11,-119.829,0.04147,14.134,cpm,Static
4/6/2020 14:20,11,-119.829,0.04147,14.956,cpm,Static
4/6/2020 14:40,11,-119.829,0.04147,14.743,cpm,Static
4/6/2020 15:00,11,-119.829,0.04147,14.134,cpm,Static
4/6/2020 15:20,11,-119.829,0.04147,14.451,cpm,Static
4/6/2020 15:40,11,-119.829,0.04147,14.657,cpm,Static
4/6/2020 16:00,11,-119.829,0.04147,14.752,cpm,Static
4/6/2020 16:20,11,-119.829,0.04147,14.964,cpm,Static
4/6/2020 16:40,11,-119.829,0.04147,14.134,cpm,Static
4/6/2020 17:00,11,-119.829,0.04147,14.635,cpm,Static
4/6/2020 17:20,11,-119.829,0.04147,14.452,cpm,Static
4/6/2020 17:40,11,-119.829,0.04147,14.864,cpm,Static
4/6/2020 18:00,11,-119.829,0.04147,14.465,cpm,Static
4/6/2020 18:20,11,-119.829,0.04147,14.124,cpm,Static
4/6/2020 18:40,11,-119.829,0.04147,14.031,cpm,Static
4/6/2020 19:00,11,-119.829,0.04147,13.435,cpm,Static
4/6/2020 19:20,11,-119.829,0.04147,13.365,cpm,Static
4/6/2020 19:40,11,-119.829,0.04147,14.253,cpm,Static
4/6/2020 20:00,11,-119.829,0.04147,13.241,cpm,Static
4/6/2020 20:20,11,-119.829,0.04147,13.478,cpm,Static
4/6/2020 20:40,11,-119.829,0.04147,13.473,cpm,Static
4/6/2020 21:00,11,-119.829,0.04147,13.134,cpm,Static
4/6/2020 21:20,11,-119.829,0.04147,13.021,cpm,Static
4/6/2020 21:40,11,-119.829,0.04147,13.001,cpm,Static
4/6/2020 22:00,11,-119.829,0.04147,12.912,cpm,Static
4/6/2020 22:20,11,-119.829,0.04147,12.864,cpm,Static
4/6/2020 22:40,11,-119.829,0.04147,12.745,cpm,Static
4/6/2020 23:00,11,-119.829,0.04147,12.763,cpm,Static
4/6/2020 23:20,11,-119.829,0.04147,12.534,cpm,Static
4/6/2020 23:40,11,-119.829,0.04147,12.466,cpm,Static
4/6/2020 0:00,12,-119.816,0.20764,16.787,cpm,Static
4/6/2020 0:20,12,-119.816,0.20764,16.123,cpm,Static
4/6/2020 0:40,12,-119.816,0.20764,16.355,cpm,Static
4/6/2020 1:00,12,-119.816,0.20764,16.568,cpm,Static
4/6/2020 1:20,12,-119.816,0.20764,17.586,cpm,Static
4/6/2020 1:40,12,-119.816,0.20764,16.452,cpm,Static
4/6/2020 2:00,12,-119.816,0.20764,17.365,cpm,Static
4/6/2020 2:20,12,-119.816,0.20764,17.457,cpm,Static
4/6/2020 2:40,12,-119.816,0.20764,18.546,cpm,Static
4/6/2020 3:00,12,-119.816,0.20764,17.254,cpm,Static
4/6/2020 3:20,12,-119.816,0.20764,17.98,cpm,Static
4/6/2020 3:40,12,-119.816,0.20764,17.43,cpm,Static
4/6/2020 4:00,12,-119.816,0.20764,16.965,cpm,Static
4/6/2020 4:20,12,-119.816,0.20764,16.834,cpm,Static
4/6/2020 4:40,12,-119.816,0.20764,16.753,cpm,Static
4/6/2020 5:00,12,-119.816,0.20764,16.634,cpm,Static
4/6/2020 5:20,12,-119.816,0.20764,16.42,cpm,Static
4/6/2020 5:40,12,-119.816,0.20764,16.346,cpm,Static
4/6/2020 6:00,12,-119.816,0.20764,16.279,cpm,Static
4/6/2020 6:20,12,-119.816,0.20764,16.365,cpm,Static
4/6/2020 6:40,12,-119.816,0.20764,16.465,cpm,Static
4/6/2020 7:00,12,-119.816,0.20764,16.956,cpm,Static
4/6/2020 7:20,12,-119.816,0.20764,15.456,cpm,Static
4/6/2020 7:40,12,-119.816,0.20764,15.965,cpm,Static
4/6/2020 8:00,12,-119.816,0.20764,15.824,cpm,Static
4/6/2020 8:20,12,-119.816,0.20764,15.356,cpm,Static
4/6/2020 8:40,12,-119.816,0.20764,14.834,cpm,Static
4/6/2020 9:00,12,-119.816,0.20764,14.142,cpm,Static
4/6/2020 9:20,12,-119.816,0.20764,14.557,cpm,Static
4/6/2020 9:40,12,-119.816,0.20764,14.243,cpm,Static
4/6/2020 10:00,12,-119.816,0.20764,14.42,cpm,Static
4/6/2020 10:20,12,-119.816,0.20764,13.956,cpm,Static
4/6/2020 10:40,12,-119.816,0.20764,13.451,cpm,Static
4/6/2020 11:00,12,-119.816,0.20764,13.651,cpm,Static
4/6/2020 11:20,12,-119.816,0.20764,13.141,cpm,Static
4/6/2020 11:40,12,-119.816,0.20764,13.351,cpm,Static
4/6/2020 12:00,12,-119.816,0.20764,13.571,cpm,Static
4/6/2020 12:20,12,-119.816,0.20764,13.254,cpm,Static
4/6/2020 12:40,12,-119.816,0.20764,13.246,cpm,Static
4/6/2020 13:00,12,-119.816,0.20764,14.869,cpm,Static
4/6/2020 13:20,12,-119.816,0.20764,14.125,cpm,Static
4/6/2020 13:40,12,-119.816,0.20764,14.256,cpm,Static
4/6/2020 14:00,12,-119.816,0.20764,14.867,cpm,Static
4/6/2020 14:20,12,-119.816,0.20764,15.476,cpm,Static
4/6/2020 14:40,12,-119.816,0.20764,15.125,cpm,Static
4/6/2020 15:00,12,-119.816,0.20764,15.896,cpm,Static
4/6/2020 15:20,12,-119.816,0.20764,16.245,cpm,Static
4/6/2020 15:40,12,-119.816,0.20764,15.435,cpm,Static
4/6/2020 16:00,12,-119.816,0.20764,14.235,cpm,Static
4/6/2020 16:20,12,-119.816,0.20764,14.458,cpm,Static
4/6/2020 16:40,12,-119.816,0.20764,13.698,cpm,Static
4/6/2020 17:00,12,-119.816,0.20764,13.867,cpm,Static
4/6/2020 17:20,12,-119.816,0.20764,13.564,cpm,Static
4/6/2020 17:40,12,-119.816,0.20764,13.654,cpm,Static
4/6/2020 18:00,12,-119.816,0.20764,13.183,cpm,Static
4/6/2020 18:20,12,-119.816,0.20764,13.1255,cpm,Static
4/6/2020 18:40,12,-119.816,0.20764,13.465,cpm,Static
4/6/2020 19:00,12,-119.816,0.20764,13.489,cpm,Static
4/6/2020 19:20,12,-119.816,0.20764,13.134,cpm,Static
4/6/2020 19:40,12,-119.816,0.20764,14.456,cpm,Static
4/6/2020 20:00,12,-119.816,0.20764,14.867,cpm,Static
4/6/2020 20:20,12,-119.816,0.20764,14.999,cpm,Static
4/6/2020 20:40,12,-119.816,0.20764,14.435,cpm,Static
4/6/2020 21:00,12,-119.816,0.20764,14.735,cpm,Static
4/6/2020 21:20,12,-119.816,0.20764,14.536,cpm,Static
4/6/2020 21:40,12,-119.816,0.20764,14.134,cpm,Static
4/6/2020 22:00,12,-119.816,0.20764,14.735,cpm,Static
4/6/2020 22:20,12,-119.816,0.20764,13.124,cpm,Static
4/6/2020 22:40,12,-119.816,0.20764,13.369,cpm,Static
4/6/2020 23:00,12,-119.816,0.20764,13.143,cpm,Static
4/6/2020 23:20,12,-119.816,0.20764,13.689,cpm,Static
4/6/2020 23:40,12,-119.816,0.20764,13.433,cpm,Static
4/6/2020 0:00,13,-119.807,0.15979,14.022,cpm,Static
4/6/2020 0:20,13,-119.807,0.15979,14.752,cpm,Static
4/6/2020 0:40,13,-119.807,0.15979,14.122,cpm,Static
4/6/2020 1:00,13,-119.807,0.15979,14.762,cpm,Static
4/6/2020 1:20,13,-119.807,0.15979,13.123,cpm,Static
4/6/2020 1:40,13,-119.807,0.15979,13.012,cpm,Static
4/6/2020 2:00,13,-119.807,0.15979,13.768,cpm,Static
4/6/2020 2:20,13,-119.807,0.15979,13.134,cpm,Static
4/6/2020 2:40,13,-119.807,0.15979,13.963,cpm,Static
4/6/2020 3:00,13,-119.807,0.15979,13.475,cpm,Static
4/6/2020 3:20,13,-119.807,0.15979,13.167,cpm,Static
4/6/2020 3:40,13,-119.807,0.15979,13.031,cpm,Static
4/6/2020 4:00,13,-119.807,0.15979,12.965,cpm,Static
4/6/2020 4:20,13,-119.807,0.15979,12.837,cpm,Static
4/6/2020 4:40,13,-119.807,0.15979,12.435,cpm,Static
4/6/2020 5:00,13,-119.807,0.15979,12.635,cpm,Static
4/6/2020 5:20,13,-119.807,0.15979,12.145,cpm,Static
4/6/2020 5:40,13,-119.807,0.15979,12.456,cpm,Static
4/6/2020 6:00,13,-119.807,0.15979,12.381,cpm,Static
4/6/2020 6:20,13,-119.807,0.15979,12.467,cpm,Static
4/6/2020 6:40,13,-119.807,0.15979,12.365,cpm,Static
4/6/2020 7:00,13,-119.807,0.15979,12.143,cpm,Static
4/6/2020 7:20,13,-119.807,0.15979,12.56,cpm,Static
4/6/2020 7:40,13,-119.807,0.15979,12.134,cpm,Static
4/6/2020 8:00,13,-119.807,0.15979,12.146,cpm,Static
4/6/2020 8:20,13,-119.807,0.15979,12.635,cpm,Static
4/6/2020 8:40,13,-119.807,0.15979,11.935,cpm,Static
4/6/2020 9:00,13,-119.807,0.15979,11.738,cpm,Static
4/6/2020 9:20,13,-119.807,0.15979,11.425,cpm,Static
4/6/2020 9:40,13,-119.807,0.15979,11.986,cpm,Static
4/6/2020 10:00,13,-119.807,0.15979,12.34,cpm,Static
4/6/2020 10:20,13,-119.807,0.15979,11.867,cpm,Static
4/6/2020 10:40,13,-119.807,0.15979,12.45,cpm,Static
4/6/2020 11:00,13,-119.807,0.15979,11.872,cpm,Static
4/6/2020 11:20,13,-119.807,0.15979,11.452,cpm,Static
4/6/2020 11:40,13,-119.807,0.15979,11.635,cpm,Static
4/6/2020 12:00,13,-119.807,0.15979,11.496,cpm,Static
4/6/2020 12:20,13,-119.807,0.15979,11.648,cpm,Static
4/6/2020 12:40,13,-119.807,0.15979,11.765,cpm,Static
4/6/2020 13:00,13,-119.807,0.15979,11.845,cpm,Static
4/6/2020 13:20,13,-119.807,0.15979,11.951,cpm,Static
4/6/2020 13:40,13,-119.807,0.15979,12.014,cpm,Static
4/6/2020 14:00,13,-119.807,0.15979,12.564,cpm,Static
4/6/2020 14:20,13,-119.807,0.15979,12.741,cpm,Static
4/6/2020 14:40,13,-119.807,0.15979,12.852,cpm,Static
4/6/2020 15:00,13,-119.807,0.15979,12.465,cpm,Static
4/6/2020 15:20,13,-119.807,0.15979,13.123,cpm,Static
4/6/2020 15:40,13,-119.807,0.15979,13.245,cpm,Static
4/6/2020 16:00,13,-119.807,0.15979,14.012,cpm,Static
4/6/2020 16:20,13,-119.807,0.15979,14.867,cpm,Static
4/6/2020 16:40,13,-119.807,0.15979,14.96,cpm,Static
4/6/2020 17:00,13,-119.807,0.15979,15.425,cpm,Static
4/6/2020 17:20,13,-119.807,0.15979,15.86,cpm,Static
4/6/2020 17:40,13,-119.807,0.15979,16.55,cpm,Static
4/6/2020 18:00,13,-119.807,0.15979,16.953,cpm,Static
4/6/2020 18:20,13,-119.807,0.15979,17.55,cpm,Static
4/6/2020 18:40,13,-119.807,0.15979,17.86,cpm,Static
4/6/2020 19:00,13,-119.807,0.15979,18.36,cpm,Static
4/6/2020 19:20,13,-119.807,0.15979,18.45,cpm,Static
4/6/2020 19:40,13,-119.807,0.15979,19.41,cpm,Static
4/6/2020 20:00,13,-119.807,0.15979,18.24,cpm,Static
4/6/2020 20:20,13,-119.807,0.15979,18.34,cpm,Static
4/6/2020 20:40,13,-119.807,0.15979,17.86,cpm,Static
4/6/2020 21:00,13,-119.807,0.15979,17.36,cpm,Static
4/6/2020 21:20,13,-119.807,0.15979,17.524,cpm,Static
4/6/2020 21:40,13,-119.807,0.15979,17.1,cpm,Static
4/6/2020 22:00,13,-119.807,0.15979,16.95,cpm,Static
4/6/2020 22:20,13,-119.807,0.15979,16.875,cpm,Static
4/6/2020 22:40,13,-119.807,0.15979,16.621,cpm,Static
4/6/2020 23:00,13,-119.807,0.15979,16.354,cpm,Static
4/6/2020 23:20,13,-119.807,0.15979,16.34,cpm,Static
4/6/2020 23:40,13,-119.807,0.15979,16.237,cpm,Static
4/6/2020 0:00,14,-119.793,0.1218,14.661,cpm,Static
4/6/2020 0:20,14,-119.793,0.1218,14.87,cpm,Static
4/6/2020 0:40,14,-119.793,0.1218,14.95,cpm,Static
4/6/2020 1:00,14,-119.793,0.1218,14.86,cpm,Static
4/6/2020 1:20,14,-119.793,0.1218,15.14,cpm,Static
4/6/2020 1:40,14,-119.793,0.1218,15.56,cpm,Static
4/6/2020 2:00,14,-119.793,0.1218,15.76,cpm,Static
4/6/2020 2:20,14,-119.793,0.1218,15.852,cpm,Static
4/6/2020 2:40,14,-119.793,0.1218,15.43,cpm,Static
4/6/2020 3:00,14,-119.793,0.1218,16.978,cpm,Static
4/6/2020 3:20,14,-119.793,0.1218,16.87,cpm,Static
4/6/2020 3:40,14,-119.793,0.1218,16.544,cpm,Static
4/6/2020 4:00,14,-119.793,0.1218,16.124,cpm,Static
4/6/2020 4:20,14,-119.793,0.1218,16.234,cpm,Static
4/6/2020 4:40,14,-119.793,0.1218,16.025,cpm,Static
4/6/2020 5:00,14,-119.793,0.1218,15.675,cpm,Static
4/6/2020 5:20,14,-119.793,0.1218,15.354,cpm,Static
4/6/2020 5:40,14,-119.793,0.1218,14.547,cpm,Static
4/6/2020 6:00,14,-119.793,0.1218,14.279,cpm,Static
4/6/2020 6:20,14,-119.793,0.1218,14.36,cpm,Static
4/6/2020 6:40,14,-119.793,0.1218,14.54,cpm,Static
4/6/2020 7:00,14,-119.793,0.1218,14.856,cpm,Static
4/6/2020 7:20,14,-119.793,0.1218,15.245,cpm,Static
4/6/2020 7:40,14,-119.793,0.1218,15.568,cpm,Static
4/6/2020 8:00,14,-119.793,0.1218,15.758,cpm,Static
4/6/2020 8:20,14,-119.793,0.1218,15.985,cpm,Static
4/6/2020 8:40,14,-119.793,0.1218,16.124,cpm,Static
4/6/2020 9:00,14,-119.793,0.1218,16.526,cpm,Static
4/6/2020 9:20,14,-119.793,0.1218,16.564,cpm,Static
4/6/2020 9:40,14,-119.793,0.1218,16.654,cpm,Static
4/6/2020 10:00,14,-119.793,0.1218,17.897,cpm,Static
4/6/2020 10:20,14,-119.793,0.1218,17.124,cpm,Static
4/6/2020 10:40,14,-119.793,0.1218,18.457,cpm,Static
4/6/2020 11:00,14,-119.793,0.1218,18.124,cpm,Static
4/6/2020 11:20,14,-119.793,0.1218,18.242,cpm,Static
4/6/2020 11:40,14,-119.793,0.1218,19.867,cpm,Static
4/6/2020 12:00,14,-119.793,0.1218,19.678,cpm,Static
4/6/2020 12:20,14,-119.793,0.1218,19.687,cpm,Static
4/6/2020 12:40,14,-119.793,0.1218,19.421,cpm,Static
4/6/2020 13:00,14,-119.793,0.1218,19.231,cpm,Static
4/6/2020 13:20,14,-119.793,0.1218,18.245,cpm,Static
4/6/2020 13:40,14,-119.793,0.1218,18.568,cpm,Static
4/6/2020 14:00,14,-119.793,0.1218,18.427,cpm,Static
4/6/2020 14:20,14,-119.793,0.1218,18.235,cpm,Static
4/6/2020 14:40,14,-119.793,0.1218,17.965,cpm,Static
4/6/2020 15:00,14,-119.793,0.1218,17.754,cpm,Static
4/6/2020 15:20,14,-119.793,0.1218,17.564,cpm,Static
4/6/2020 15:40,14,-119.793,0.1218,17.45,cpm,Static
4/6/2020 16:00,14,-119.793,0.1218,16.568,cpm,Static
4/6/2020 16:20,14,-119.793,0.1218,16.42,cpm,Static
4/6/2020 16:40,14,-119.793,0.1218,16.12,cpm,Static
4/6/2020 17:00,14,-119.793,0.1218,15.47,cpm,Static
4/6/2020 17:20,14,-119.793,0.1218,14.654,cpm,Static
4/6/2020 17:40,14,-119.793,0.1218,13.587,cpm,Static
4/6/2020 18:00,14,-119.793,0.1218,13.369,cpm,Static
4/6/2020 18:20,14,-119.793,0.1218,13.45,cpm,Static
4/6/2020 18:40,14,-119.793,0.1218,13.69,cpm,Static
4/6/2020 19:00,14,-119.793,0.1218,13.14,cpm,Static
4/6/2020 19:20,14,-119.793,0.1218,13.258,cpm,Static
4/6/2020 19:40,14,-119.793,0.1218,13.768,cpm,Static
4/6/2020 20:00,14,-119.793,0.1218,13.867,cpm,Static
4/6/2020 20:20,14,-119.793,0.1218,14.164,cpm,Static
4/6/2020 20:40,14,-119.793,0.1218,14.584,cpm,Static
4/6/2020 21:00,14,-119.793,0.1218,14.347,cpm,Static
4/6/2020 21:20,14,-119.793,0.1218,14.145,cpm,Static
4/6/2020 21:40,14,-119.793,0.1218,14.457,cpm,Static
4/6/2020 22:00,14,-119.793,0.1218,14.869,cpm,Static
4/6/2020 22:20,14,-119.793,0.1218,14.427,cpm,Static
4/6/2020 22:40,14,-119.793,0.1218,14.36,cpm,Static
4/6/2020 23:00,14,-119.793,0.1218,15.478,cpm,Static
4/6/2020 23:20,14,-119.793,0.1218,15.145,cpm,Static
4/6/2020 23:40,14,-119.793,0.1218,15.02,cpm,Static
4/6/2020 0:00,15,-119.79,0.20764,11.926,cpm,Static
4/6/2020 0:20,15,-119.79,0.20764,11.98,cpm,Static
4/6/2020 0:40,15,-119.79,0.20764,12.12,cpm,Static
4/6/2020 1:00,15,-119.79,0.20764,12.65,cpm,Static
4/6/2020 1:20,15,-119.79,0.20764,12.42,cpm,Static
4/6/2020 1:40,15,-119.79,0.20764,12.45,cpm,Static
4/6/2020 2:00,15,-119.79,0.20764,12.86,cpm,Static
4/6/2020 2:20,15,-119.79,0.20764,13.45,cpm,Static
4/6/2020 2:40,15,-119.79,0.20764,13.67,cpm,Static
4/6/2020 3:00,15,-119.79,0.20764,13.465,cpm,Static
4/6/2020 3:20,15,-119.79,0.20764,13.958,cpm,Static
4/6/2020 3:40,15,-119.79,0.20764,14.124,cpm,Static
4/6/2020 4:00,15,-119.79,0.20764,14.524,cpm,Static
4/6/2020 4:20,15,-119.79,0.20764,14.34,cpm,Static
4/6/2020 4:40,15,-119.79,0.20764,13.875,cpm,Static
4/6/2020 5:00,15,-119.79,0.20764,13.452,cpm,Static
4/6/2020 5:20,15,-119.79,0.20764,13.536,cpm,Static
4/6/2020 5:40,15,-119.79,0.20764,13.214,cpm,Static
4/6/2020 6:00,15,-119.79,0.20764,13.047,cpm,Static
4/6/2020 6:20,15,-119.79,0.20764,13.235,cpm,Static
4/6/2020 6:40,15,-119.79,0.20764,13.569,cpm,Static
4/6/2020 7:00,15,-119.79,0.20764,13.47,cpm,Static
4/6/2020 7:20,15,-119.79,0.20764,14.147,cpm,Static
4/6/2020 7:40,15,-119.79,0.20764,14.635,cpm,Static
4/6/2020 8:00,15,-119.79,0.20764,14.415,cpm,Static
4/6/2020 8:20,15,-119.79,0.20764,14.478,cpm,Static
4/6/2020 8:40,15,-119.79,0.20764,14.14,cpm,Static
4/6/2020 9:00,15,-119.79,0.20764,14.369,cpm,Static
4/6/2020 9:20,15,-119.79,0.20764,15.147,cpm,Static
4/6/2020 9:40,15,-119.79,0.20764,15.475,cpm,Static
4/6/2020 10:00,15,-119.79,0.20764,15.145,cpm,Static
4/6/2020 10:20,15,-119.79,0.20764,15.457,cpm,Static
4/6/2020 10:40,15,-119.79,0.20764,15.867,cpm,Static
4/6/2020 11:00,15,-119.79,0.20764,15.962,cpm,Static
4/6/2020 11:20,15,-119.79,0.20764,16.425,cpm,Static
4/6/2020 11:40,15,-119.79,0.20764,16.365,cpm,Static
4/6/2020 12:00,15,-119.79,0.20764,16.17,cpm,Static
4/6/2020 12:20,15,-119.79,0.20764,16.21,cpm,Static
4/6/2020 12:40,15,-119.79,0.20764,16.14,cpm,Static
4/6/2020 13:00,15,-119.79,0.20764,16.023,cpm,Static
4/6/2020 13:20,15,-119.79,0.20764,16.001,cpm,Static
4/6/2020 13:40,15,-119.79,0.20764,15.968,cpm,Static
4/6/2020 14:00,15,-119.79,0.20764,15.857,cpm,Static
4/6/2020 14:20,15,-119.79,0.20764,15.458,cpm,Static
4/6/2020 14:40,15,-119.79,0.20764,15.864,cpm,Static
4/6/2020 15:00,15,-119.79,0.20764,15.724,cpm,Static
4/6/2020 15:20,15,-119.79,0.20764,15.653,cpm,Static
4/6/2020 15:40,15,-119.79,0.20764,15.458,cpm,Static
4/6/2020 16:00,15,-119.79,0.20764,15.124,cpm,Static
4/6/2020 16:20,15,-119.79,0.20764,14.957,cpm,Static
4/6/2020 16:40,15,-119.79,0.20764,14.457,cpm,Static
4/6/2020 17:00,15,-119.79,0.20764,14.564,cpm,Static
4/6/2020 17:20,15,-119.79,0.20764,14.568,cpm,Static
4/6/2020 17:40,15,-119.79,0.20764,14.475,cpm,Static
4/6/2020 18:00,15,-119.79,0.20764,14.554,cpm,Static
4/6/2020 18:20,15,-119.79,0.20764,14.458,cpm,Static
4/6/2020 18:40,15,-119.79,0.20764,14.247,cpm,Static
4/6/2020 19:00,15,-119.79,0.20764,14.857,cpm,Static
4/6/2020 19:20,15,-119.79,0.20764,15.456,cpm,Static
4/6/2020 19:40,15,-119.79,0.20764,16.758,cpm,Static
4/6/2020 20:00,15,-119.79,0.20764,17.427,cpm,Static
4/6/2020 20:20,15,-119.79,0.20764,18.568,cpm,Static
4/6/2020 20:40,15,-119.79,0.20764,19.245,cpm,Static
4/6/2020 21:00,15,-119.79,0.20764,20.425,cpm,Static
4/6/2020 21:20,15,-119.79,0.20764,25.867,cpm,Static
4/6/2020 21:40,15,-119.79,0.20764,19.45,cpm,Static
4/6/2020 22:00,15,-119.79,0.20764,16.374,cpm,Static
4/6/2020 22:20,15,-119.79,0.20764,15.247,cpm,Static
4/6/2020 22:40,15,-119.79,0.20764,14.837,cpm,Static
4/6/2020 23:00,15,-119.79,0.20764,14.457,cpm,Static
4/6/2020 23:20,15,-119.79,0.20764,14.965,cpm,Static
4/6/2020 23:40,15,-119.79,0.20764,14.819,cpm,Static
